Page URL,Page Title,ILR,Raw ILR,Unique Pageviews,Crawl Depth,HTTP Status Code,"Page (HTML) Load Time, sec",Schema.org (Microdata),Schema.org (JSON-LD),Open Graph,Twitter Cards,Microformats,Canonicalization,In sitemap,Incoming Internal Links,Outgoing Internal Links,Outgoing External Links,AMP link,Hreflang Links,Hreflang Issues,JS and CSS Number,"JS and CSS Size, KB",Issues,Description,Blocked AI search bots
https://star-toner.com/,,-,0.0,n/a,0,301,0.245,0,0,0,0,0,-,0,0,1,0,0,-,-,0,0,0,-,
https://star-toner.com/llms.txt,,-,-,n/a,0,301,0.084,0,0,0,0,0,-,0,0,-,-,0,-,-,-,-,0,-,
https://star-toner.com/robots.txt,,-,-,n/a,0,301,0.099,0,0,0,0,0,-,0,0,-,-,0,-,-,-,-,0,-,n/a
https://www.star-toner.com,Tóner Compatible Barato | ISO 9001| Envío 24h | Startoner,83,0.002407115291803025,n/a,2,200,0.421,0,1,1,1,0,Self-canonical,0,1,35,0,0,1,0,32,224,7,tóner compatible y cartuchos de tinta con calidad iso 9001. mismo rendimiento que el original. envío 24h en españa. garantía 2 años.,
https://www.star-toner.com/,Tóner Compatible Barato | ISO 9001| Envío 24h | Startoner,96,0.02053986043022989,n/a,0,200,0.195,0,1,1,1,0,Self-canonical,1,251,34,0,0,1,0,33,224,7,tóner compatible y cartuchos de tinta con calidad iso 9001. mismo rendimiento que el original. envío 24h en españa. garantía 2 años.,
https://www.star-toner.com/account,,-,0.020914346145178564,n/a,1,0,0.0,0,0,0,0,0,-,0,251,0,0,0,-,-,0,0,1,-,"ChatGPT-User, OAI-SearchBot, Googlebot, Google-Extended, Perplexity-User, Claude-User, Claude-SearchBot"
https://www.star-toner.com/blogs/blogs,,-,0.02792694611354974,n/a,1,301,0.27,0,0,0,0,0,-,0,1,1,0,0,-,-,0,0,0,-,
https://www.star-toner.com/blogs/cartucho-tinta-toner-compatible-noticias,,-,0.020914346145178564,n/a,1,301,0.205,0,0,0,0,0,-,0,251,1,0,0,-,-,0,0,0,-,
https://www.star-toner.com/blogs/news,Blog de Impresión | Guías de Tóner y Cartuchos | Startoner,100,0.041002202124751475,n/a,1,200,0.325,0,1,1,1,0,Self-canonical,1,15,33,0,0,2,0,36,228,4,"guías sobre tóner compatible, cartuchos de tinta, impresoras y ahorro en impresión. consejos técnicos, comparativas y novedades del sector.",
https://www.star-toner.com/blogs/news/cartucho-de-tinta-o-toner-cual-elegir-segun-tu-necesidad,Cartucho de tinta o tóner: cuál elegir según cuánto imprimes | St,2,0.001992619946319849,n/a,3,200,0.288,0,1,1,1,0,Self-canonical,1,1,27,0,0,1,0,34,226,6,"cartucho de tinta o toner cuando se trata de elegir consumibles para tu impresora, una de las dudas más comunes es: ¿cartucho de tinta o tóner?",
https://www.star-toner.com/blogs/news/cartuchos-falsificados-vs-compatibles-diferencia,Cartuchos falsificados vs compatibles: la diferencia que importa,92,0.0029196508586348284,n/a,2,200,0.332,0,1,1,1,0,Self-canonical,1,2,27,0,0,1,0,34,226,6,caso 123inkt y multa de 500.000€: qué diferencia a un cartucho falso de uno compatible legal. cómo detectar falsificaciones antes de comprar.,
https://www.star-toner.com/blogs/news/como-alargar-la-vida-de-tus-cartuchos,12 hábitos para alargar la vida de tus cartuchos de tinta y tóner,2,0.001992619946319849,n/a,3,200,0.245,0,1,1,1,0,Self-canonical,1,1,27,0,0,1,0,34,226,7,"cómo sacar más páginas de cada cartucho: configuración, papel, almacenamiento y mantenimiento. hábitos reales que reducen el gasto en consumibles.",
https://www.star-toner.com/blogs/news/como-saber-que-toner-necesita-tu-impresora,Cómo saber qué tóner usa tu impresora — 5 métodos infalibles | St,2,0.001992619946319849,n/a,3,200,0.276,0,1,1,1,0,Self-canonical,1,1,31,0,0,1,0,34,226,6,"¿no sabes qué tóner necesita tu impresora hp, brother o canon? 5 métodos para encontrar la referencia exacta sin cometer errores ni gastar de más.",
https://www.star-toner.com/blogs/news/coste-real-de-imprimir-lo-que-los-fabricantes-no-te-dicen,El coste real de imprimir: lo que los fabricantes no te dicen | S,92,0.0029196508586348284,n/a,2,200,0.281,0,1,1,1,0,Self-canonical,1,2,29,0,0,1,0,34,226,5,por qué el precio del cartucho no es el coste real de imprimir: los mecanismos que inflan el gasto y cómo calcular tu coste por página real.,
https://www.star-toner.com/blogs/news/firmware-hp-bloquea-cartuchos-compatibles-como-protegerte,Firmware HP bloquea cartuchos compatibles: cómo protegerte | Star,2,0.001992619946319849,n/a,3,200,0.478,0,1,1,1,0,Self-canonical,1,1,28,0,0,1,0,34,226,6,los firmware hp 2514a y 2513a bloquean cartuchos compatibles que funcionaban bien. cómo desactivar actualizaciones automáticas y qué hacer si ya te afectó.,
https://www.star-toner.com/blogs/news/impresora-termica-para-negocios-cuando-tiene-sentido,Impresora térmica para negocios: cuándo tiene sentido y cuándo no,2,0.001992619946319849,n/a,3,200,0.593,0,1,1,1,0,Self-canonical,1,1,27,0,0,1,0,34,226,7,"térmica directa vs transferencia térmica: diferencias, casos de uso por sector y comparativa con láser. para comercio, hostelería y logística.",
https://www.star-toner.com/blogs/news/impresoras-tanque-tinta-ecotank-analisis-real,Impresoras de tanque EcoTank: análisis real de coste y limitacion,2,0.001992619946319849,n/a,3,200,0.409,0,1,1,1,0,Self-canonical,1,1,31,0,0,1,0,34,226,6,"ecotank, megatank e inktank: coste por página real, ventajas, limitaciones y punto de equilibrio. comparativa entre fabricantes sin marketing.",
https://www.star-toner.com/blogs/news/mejor-impresora-para-casa-2025-guia-por-perfil,"mejor impresora para casa, como elegir? | Startoner",92,0.0029196508586348284,n/a,2,200,0.276,0,1,1,1,0,Self-canonical,1,2,33,0,0,1,0,34,226,5,"qué impresora comprar según cuánto y qué imprimes. comparativa real: inkjet, láser y tanque de tinta con coste por página incluido.",
https://www.star-toner.com/blogs/news/mi-impresora-no-reconoce-el-toner-compatible-solucion-definitiva,Impresora no reconoce tóner compatible: solución paso a paso | St,92,0.0029196508586348284,n/a,2,200,0.35,0,1,1,1,0,Self-canonical,1,2,31,0,0,1,0,34,226,5,"tu impresora rechaza el tóner compatible? descubre por qué pasa con hp, canon, brother y epson, y soluciónalo en 5 minutos con esta guía técnica.",
https://www.star-toner.com/blogs/news/por-que-el-papel-importa-neurociencia-e-impresion,Por qué el papel importa: neurociencia de la impresión y percepci,92,0.0029196508586348284,n/a,2,200,0.241,0,1,1,1,0,Self-canonical,1,2,27,0,0,1,0,34,226,5,"coste por página real, cartuchos que caducan en vacío y páginas de calibración ocultas. calcula lo que realmente gastas en imprimir y cómo reducirlo.",
https://www.star-toner.com/blogs/news/tendencias-sector-impresion-2025-2026,Impresión en 2026: 6 tendencias del sector que te afectan directa,92,0.0029196508586348284,n/a,2,200,0.25,0,1,1,1,0,Self-canonical,1,2,30,0,0,1,0,34,226,5,"firmware restrictivo, impresoras de tanque, regulación europea y mercado de compatibles: qué está cambiando en impresión y qué decisiones tomar ahora.",
https://www.star-toner.com/blogs/news?page=1,Blog de Impresión | Guías de Tóner y Cartuchos | Startoner,2,0.001992619946319849,n/a,3,200,0.447,0,1,1,1,0,Canonical to other page,0,1,33,0,0,2,2,36,228,7,"guías sobre tóner compatible, cartuchos de tinta, impresoras y ahorro en impresión. consejos técnicos, comparativas y novedades del sector.",
https://www.star-toner.com/blogs/news?page=2,Blog de Impresión | Guías de Tóner y Cartuchos &ndash; Pág 2 | St,92,0.0029196508586348284,n/a,2,200,0.313,0,1,1,1,0,Self-canonical,0,2,33,0,0,2,1,36,228,5,"guías sobre tóner compatible, cartuchos de tinta, impresoras y ahorro en impresión. consejos técnicos, comparativas y novedades del sector.     - página 2",
https://www.star-toner.com/cart,,-,0.020914346145178564,n/a,1,0,0.0,0,0,0,0,0,-,0,251,0,0,0,-,-,0,0,1,-,"ChatGPT-User, OAI-SearchBot, Googlebot, Google-Extended, Perplexity-User, Claude-User, Claude-SearchBot"
https://www.star-toner.com/collections/all,Productos | Startoner,93,0.003929089000820665,n/a,1,200,0.536,0,1,1,1,0,Self-canonical,0,16,45,0,0,2,0,47,241,6,"tóner y cartuchos de tinta compatibles para hp, epson, brother y canon al mejor precio online en españa. envío express 24h.",
https://www.star-toner.com/collections/all?page=1,Productos | Startoner,55,0.002156690222629809,n/a,3,200,0.402,0,1,1,1,0,Canonical to other page,0,10,46,0,0,2,2,46,241,7,"tóner y cartuchos de tinta compatibles para hp, epson, brother y canon al mejor precio online en españa. envío express 24h.",
https://www.star-toner.com/collections/all?page=10,Productos &ndash; Pág 10 | Startoner,11,0.002008958601110046,n/a,3,200,0.475,0,1,1,1,0,Self-canonical,0,3,47,0,0,2,1,46,241,6,"tóner y cartuchos de tinta compatibles para hp, epson, brother y canon al mejor precio online en españa. envío express 24h.     - página 10",
https://www.star-toner.com/collections/all?page=11,Productos &ndash; Pág 11 | Startoner,55,0.002202260809620505,n/a,2,200,0.445,0,1,1,1,0,Self-canonical,0,11,38,0,0,2,1,46,241,6,"tóner y cartuchos de tinta compatibles para hp, epson, brother y canon al mejor precio online en españa. envío express 24h.     - página 11",
https://www.star-toner.com/collections/all?page=2,Productos &ndash; Pág 2 | Startoner,45,0.002055195441789243,n/a,2,200,0.475,0,1,1,1,0,Self-canonical,0,4,47,0,0,2,1,46,241,6,"tóner y cartuchos de tinta compatibles para hp, epson, brother y canon al mejor precio online en españa. envío express 24h.     - página 2",
https://www.star-toner.com/collections/all?page=3,Productos &ndash; Pág 3 | Startoner,50,0.002076069956038272,n/a,2,200,0.475,0,1,1,1,0,Self-canonical,0,5,48,0,0,2,1,46,241,6,"tóner y cartuchos de tinta compatibles para hp, epson, brother y canon al mejor precio online en españa. envío express 24h.     - página 3",
https://www.star-toner.com/collections/all?page=4,Productos &ndash; Pág 4 | Startoner,22,0.002023065660710975,n/a,3,200,0.386,0,1,1,1,0,Self-canonical,0,4,49,0,0,2,1,46,241,6,"tóner y cartuchos de tinta compatibles para hp, epson, brother y canon al mejor precio online en españa. envío express 24h.     - página 4",
https://www.star-toner.com/collections/all?page=5,Productos &ndash; Pág 5 | Startoner,21,0.0020216703514847095,n/a,3,200,0.547,0,1,1,1,0,Self-canonical,0,4,49,0,0,2,1,46,241,6,"tóner y cartuchos de tinta compatibles para hp, epson, brother y canon al mejor precio online en españa. envío express 24h.     - página 5",
https://www.star-toner.com/collections/all?page=6,Productos &ndash; Pág 6 | Startoner,19,0.0020205214766426875,n/a,4,200,0.389,0,1,1,1,0,Self-canonical,0,4,49,0,0,2,1,46,241,7,"tóner y cartuchos de tinta compatibles para hp, epson, brother y canon al mejor precio online en españa. envío express 24h.     - página 6",
https://www.star-toner.com/collections/all?page=7,Productos &ndash; Pág 7 | Startoner,20,0.0020210143427130635,n/a,4,200,0.429,0,1,1,1,0,Self-canonical,0,4,49,0,0,2,1,46,241,7,"tóner y cartuchos de tinta compatibles para hp, epson, brother y canon al mejor precio online en españa. envío express 24h.     - página 7",
https://www.star-toner.com/collections/all?page=8,Productos &ndash; Pág 8 | Startoner,22,0.0020217506051711603,n/a,4,200,0.406,0,1,1,1,0,Self-canonical,0,4,49,0,0,2,1,46,241,7,"tóner y cartuchos de tinta compatibles para hp, epson, brother y canon al mejor precio online en españa. envío express 24h.     - página 8",
https://www.star-toner.com/collections/all?page=9,Productos &ndash; Pág 9 | Startoner,34,0.0020298095345512935,n/a,3,200,0.438,0,1,1,1,0,Self-canonical,0,4,48,0,0,2,1,46,241,6,"tóner y cartuchos de tinta compatibles para hp, epson, brother y canon al mejor precio online en españa. envío express 24h.     - página 9",
https://www.star-toner.com/collections/cartuchos-de-tinta,"Cartucho Tinta Compatible | HP, Canon, Epson | ISO 9001 | Starton",97,0.02061698911612078,n/a,1,200,0.549,0,1,1,1,0,Self-canonical,1,250,43,0,0,2,0,47,241,6,"ahorra hasta 70% en cartuchos tinta compatible hp, epson, canon y brother. xl y xxl alta capacidad. certificado iso 9001. colores precisos. envío 24h.",
https://www.star-toner.com/collections/cartuchos-de-tinta?page=1,"Cartucho Tinta Compatible | HP, Canon, Epson | ISO 9001 | Starton",7,0.0020030897127484345,n/a,3,200,0.462,0,1,1,1,0,Canonical to other page,0,2,44,0,0,2,2,46,241,7,"ahorra hasta 70% en cartuchos tinta compatible hp, epson, canon y brother. xl y xxl alta capacidad. certificado iso 9001. colores precisos. envío 24h.",
https://www.star-toner.com/collections/cartuchos-de-tinta?page=2,"Cartucho Tinta Compatible | HP, Canon, Epson | ISO 9001 &ndash; P",57,0.0022958002861749737,n/a,2,200,0.41,0,1,1,1,0,Self-canonical,0,3,44,0,0,2,1,47,241,7,"ahorra hasta 70% en cartuchos tinta compatible hp, epson, canon y brother. xl y xxl alta capacidad. certificado iso 9001. colores precisos. envío 24h.",
https://www.star-toner.com/collections/cartuchos-de-tinta?page=3,"Cartucho Tinta Compatible | HP, Canon, Epson | ISO 9001 &ndash; P",56,0.0022856676201104638,n/a,2,200,0.32,0,1,1,1,0,Self-canonical,0,3,32,0,0,2,1,47,241,7,"ahorra hasta 70% en cartuchos tinta compatible hp, epson, canon y brother. xl y xxl alta capacidad. certificado iso 9001. colores precisos. envío 24h.",
https://www.star-toner.com/collections/cartuchos-tinta-brother,Cartucho Tinta Compatible Brother | LC Series | ISO 9001 | Starto,28,0.0020251073726772935,n/a,3,200,0.503,0,1,1,1,0,Self-canonical,1,2,31,0,0,2,0,45,241,5,"ahorra hasta 70% en cartuchos tinta compatible brother lc424, lc123, lc3217, lc3213 y más. xl alta capacidad. iso 9001. colores precisos. envío 24h españa.",
https://www.star-toner.com/collections/cartuchos-tinta-canon,artucho Tinta Compatible Canon | ISO 9001 | Startoner,28,0.0020251073726772935,n/a,3,200,0.518,0,1,1,1,0,Self-canonical,1,2,33,0,0,2,0,45,241,5,"ahorra hasta 70% en cartuchos tinta compatible canon pixma. cc-521, cc-551 xl, cc-571 xl, cc-581 xxl, cgi-590. iso 9001. colores vivos. envío 24h españa.",
https://www.star-toner.com/collections/cartuchos-tinta-epson-compatible,"Cartucho Tinta Compatible Epson | EcoTank, XL | ISO 9001 | Starto",87,0.0025549078743186686,n/a,1,200,0.588,0,1,1,1,0,Self-canonical,1,6,36,0,0,2,0,46,241,6,"ahorra hasta 70% en tinta epson ecotank 102, 103, 104, 106, 603xl, 604xl, 29xl compatible. iso 9001 certificado. colores nítidos. envío 24h en españa.",
https://www.star-toner.com/collections/cartuchos-tinta-hp,"Cartucho Tinta Compatible HP | 903XL, 953XL | ISO 9001 | Startone",1,0.0019704719224814754,n/a,4,200,0.459,0,1,1,1,0,Self-canonical,1,1,38,0,0,2,0,45,241,7,"ahorra hasta 70% en cartuchos hp 903xl, 953xl, 973xl, 364xl, 920xl, 940xl compatibles. officejet, pagewide, deskjet. iso 9001. envío 24h en españa.",
https://www.star-toner.com/collections/impresoras-laserjet,"Impresoras LaserJet | HP, Brother, Canon | Envío 24h | Startoner",94,0.02042764266715034,n/a,1,200,0.359,0,1,1,1,0,Self-canonical,1,250,26,0,0,2,0,46,241,6,"impresoras láser multifunción hp, brother y canon al mejor precio. compactas, rápidas y silenciosas. ideales para oficina o casa. garantía 2 años. envío 24",
https://www.star-toner.com/collections/impresoras-termicas,Impresoras Térmicas Etiquetas y Tickets | Startoner,96,0.02047681000724825,n/a,1,200,0.508,0,1,1,1,0,Self-canonical,1,250,29,0,0,2,0,46,241,6,"impresoras térmicas kw para etiquetas de envío, códigos de barras y tickets pos. 203 dpi, alta velocidad. sin tinta ni tóner. garantía 2 años. envío 24h.",
https://www.star-toner.com/collections/servicios-mantenimiento-reparacion,Servicio Técnico Impresoras | Reparación y Mantenimiento | Starto,99,0.022858052485596827,n/a,1,200,0.493,0,1,1,1,0,Self-canonical,1,251,25,0,0,2,0,34,225,5,"servicio técnico especializado en impresoras hp, brother, canon y epson. reparación, mantenimiento y configuración de red. presupuesto gratuito. cádiz y pr",
https://www.star-toner.com/collections/servicios-mantenimiento-reparacion-tecnico-impresoras,,-,0.0023495256845996195,n/a,1,301,0.226,0,0,0,0,0,-,0,2,1,0,0,-,-,0,0,0,-,
https://www.star-toner.com/collections/toner-compatible-brother,Tóner Compatible Brother | Serie TN | ISO 9001 | Startoner,89,0.002634281042515246,n/a,1,200,0.486,0,1,1,1,0,Self-canonical,1,9,44,0,0,2,0,47,241,6,"tóner compatible brother con garantía 2 años. calidad oem certificada, envío en 24h para toda españa.",
https://www.star-toner.com/collections/toner-compatible-brother?page=1,Tóner Compatible Brother | Serie TN | ISO 9001 | Startoner,3,0.00199313597812141,n/a,3,200,0.651,0,1,1,1,0,Canonical to other page,0,2,45,0,0,2,2,46,241,7,"tóner compatible brother con garantía 2 años. calidad oem certificada, envío en 24h para toda españa.",
https://www.star-toner.com/collections/toner-compatible-brother?page=2,Tóner Compatible Brother | Serie TN | ISO 9001 &ndash; Pág 2 | St,29,0.0020252161702925433,n/a,2,200,0.546,0,1,1,1,0,Self-canonical,0,3,45,0,0,2,1,46,241,6,"tóner compatible brother con garantía 2 años. calidad oem certificada, envío en 24h para toda españa.     - página 2",
https://www.star-toner.com/collections/toner-compatible-brother?page=3,Tóner Compatible Brother | Serie TN | ISO 9001 &ndash; Pág 3 | St,15,0.002015189328936334,n/a,2,200,0.394,0,1,1,1,0,Self-canonical,0,3,31,0,0,2,1,46,241,6,"tóner compatible brother con garantía 2 años. calidad oem certificada, envío en 24h para toda españa.     - página 3",
https://www.star-toner.com/collections/toner-compatible-canon,"Tóner Compatible Canon | CRG, EXV, 057 | ISO 9001 | Startoner",87,0.002554907874318669,n/a,1,200,0.452,0,1,1,1,0,Self-canonical,1,6,36,0,0,2,0,46,241,6,cartuchos y tóner compatible canon certificados iso 9001. máximo rendimiento al mejor precio. envío express 24h.,
https://www.star-toner.com/collections/toner-compatible-hp,Tóner Compatible HP Negro y Color | ISO 9001 | Startoner,91,0.002751524489029041,n/a,1,200,0.382,0,1,1,1,0,Self-canonical,1,12,45,0,0,2,0,47,241,6,tóner compatible hp con calidad oem certificada iso 9001. hasta 70% más barato que el original. envío 24h en españa.,
https://www.star-toner.com/collections/toner-compatible-hp?page=1,Tóner Compatible HP Negro y Color | ISO 9001 | Startoner,14,0.002014559135025682,n/a,3,200,0.487,0,1,1,1,0,Canonical to other page,0,3,46,0,0,2,2,46,241,7,tóner compatible hp con calidad oem certificada iso 9001. hasta 70% más barato que el original. envío 24h en españa.,
https://www.star-toner.com/collections/toner-compatible-hp?page=2,Tóner Compatible HP Negro y Color | ISO 9001 &ndash; Pág 2 | Star,43,0.002047489398966567,n/a,2,200,0.519,0,1,1,1,0,Self-canonical,0,4,46,0,0,2,1,46,241,6,tóner compatible hp con calidad oem certificada iso 9001. hasta 70% más barato que el original. envío 24h en españa.     - página 2,
https://www.star-toner.com/collections/toner-compatible-hp?page=3,Tóner Compatible HP Negro y Color | ISO 9001 &ndash; Pág 3 | Star,43,0.002047489398966567,n/a,2,200,0.468,0,1,1,1,0,Self-canonical,0,4,46,0,0,2,1,46,241,6,tóner compatible hp con calidad oem certificada iso 9001. hasta 70% más barato que el original. envío 24h en españa.     - página 3,
https://www.star-toner.com/collections/toner-compatible-hp?page=4,Tóner Compatible HP Negro y Color | ISO 9001 &ndash; Pág 4 | Star,38,0.002037875409457979,n/a,2,200,0.357,0,1,1,1,0,Self-canonical,0,4,32,0,0,2,1,46,241,6,tóner compatible hp con calidad oem certificada iso 9001. hasta 70% más barato que el original. envío 24h en españa.     - página 4,
https://www.star-toner.com/collections/toner-compatible-lexmark,"Tóner Compatible Lexmark | MS, MX Series | ISO 9001 | Startoner",75,0.0023495256845996195,n/a,1,200,0.304,0,1,1,1,0,Self-canonical,1,2,32,0,0,2,0,46,241,6,"ahorra hasta 70% en tóner y tambor compatible lexmark e260, ms310, ms317 y más. hasta 60.000 páginas. certificado iso 9001. garantía 2 años. envío 24h.",
https://www.star-toner.com/collections/toner-compatible-samsung,Tóner Compatible Samsung | MLT Series | ISO 9001 | Startoner,80,0.002382013110957064,n/a,1,200,0.426,0,1,1,1,0,Self-canonical,1,3,36,0,0,2,0,46,241,6,"ahorra hasta 70% en tóner compatible samsung mlt-d101, d111, d116, d204. para xpress y proxpress. certificado iso 9001. garantía 2 años. envío 24h.",
https://www.star-toner.com/collections/toner-copiadora-compatible-konica-minolta-kyocera,,-,0.0023495256845996195,n/a,1,301,0.306,0,0,0,0,0,-,0,2,1,0,0,-,-,0,0,0,-,
https://www.star-toner.com/collections/toner-laserjet,"Tóner Compatible LaserJet | HP, Brother, Canon | ISO 9001 | Start",98,0.0206236416291532,n/a,1,200,0.516,0,1,1,1,0,Self-canonical,1,250,44,0,0,2,0,47,241,6,"ahorra hasta 70% en tóner compatible para impresoras laserjet hp, brother, canon y samsung. certificado iso 9001. +60 referencias. envío 24h en españa.",
https://www.star-toner.com/collections/toner-laserjet?page=1,"Tóner Compatible LaserJet | HP, Brother, Canon | ISO 9001 | Start",46,0.0020620541850040605,n/a,3,200,0.47,0,1,1,1,0,Canonical to other page,0,5,45,0,0,2,2,46,241,7,"ahorra hasta 70% en tóner compatible para impresoras laserjet hp, brother, canon y samsung. certificado iso 9001. +60 referencias. envío 24h en españa.",
https://www.star-toner.com/collections/toner-laserjet?page=2,"Tóner Compatible LaserJet | HP, Brother, Canon | ISO 9001 &ndash;",59,0.002299457770776869,n/a,2,200,0.486,0,1,1,1,0,Self-canonical,0,4,46,0,0,2,1,47,241,7,"ahorra hasta 70% en tóner compatible para impresoras laserjet hp, brother, canon y samsung. certificado iso 9001. +60 referencias. envío 24h en españa.",
https://www.star-toner.com/collections/toner-laserjet?page=3,"Tóner Compatible LaserJet | HP, Brother, Canon | ISO 9001 &ndash;",68,0.0023217291518038037,n/a,2,200,0.539,0,1,1,1,0,Self-canonical,0,5,47,0,0,2,1,47,241,7,"ahorra hasta 70% en tóner compatible para impresoras laserjet hp, brother, canon y samsung. certificado iso 9001. +60 referencias. envío 24h en españa.",
https://www.star-toner.com/collections/toner-laserjet?page=4,"Tóner Compatible LaserJet | HP, Brother, Canon | ISO 9001 &ndash;",38,0.002040261132819045,n/a,3,200,0.364,0,1,1,1,0,Self-canonical,0,4,47,0,0,2,1,46,241,6,"ahorra hasta 70% en tóner compatible para impresoras laserjet hp, brother, canon y samsung. certificado iso 9001. +60 referencias. envío 24h en españa.",
https://www.star-toner.com/collections/toner-laserjet?page=5,"Tóner Compatible LaserJet | HP, Brother, Canon | ISO 9001 &ndash;",13,0.002013812910615023,n/a,3,200,0.432,0,1,1,1,0,Self-canonical,0,3,46,0,0,2,1,46,241,6,"ahorra hasta 70% en tóner compatible para impresoras laserjet hp, brother, canon y samsung. certificado iso 9001. +60 referencias. envío 24h en españa.",
https://www.star-toner.com/collections/toner-laserjet?page=6,"Tóner Compatible LaserJet | HP, Brother, Canon | ISO 9001 &ndash;",75,0.002347699045165906,n/a,2,200,0.426,0,1,1,1,0,Self-canonical,0,6,44,0,0,2,1,47,241,7,"ahorra hasta 70% en tóner compatible para impresoras laserjet hp, brother, canon y samsung. certificado iso 9001. +60 referencias. envío 24h en españa.",
https://www.star-toner.com/collections/toners-copiadoras,"Tóner Copiadora Compatible | Konica, Kyocera | ISO 9001 | Starton",99,0.023081366163810495,n/a,1,200,0.444,0,1,1,1,0,Self-canonical,1,251,42,0,0,2,0,47,241,6,"tóner compatible para copiadoras konica minolta bizhub, kyocera y canon imagerunner. alta capacidad hasta 26.000 págs. iso 9001. ahorra 70%. envío 24h.",
https://www.star-toner.com/collections/toners-copiadoras?page=1,"Tóner Copiadora Compatible | Konica, Kyocera | ISO 9001 | Starton",1,0.0019784509850880477,n/a,3,200,0.443,0,1,1,1,0,Canonical to other page,0,1,43,0,0,2,2,46,241,8,"tóner compatible para copiadoras konica minolta bizhub, kyocera y canon imagerunner. alta capacidad hasta 26.000 págs. iso 9001. ahorra 70%. envío 24h.",
https://www.star-toner.com/collections/toners-copiadoras?page=2,"Tóner Copiadora Compatible | Konica, Kyocera | ISO 9001 &ndash; P",58,0.0022984971905179704,n/a,2,200,0.435,0,1,1,1,0,Self-canonical,0,2,30,0,0,2,1,46,241,6,"tóner compatible para copiadoras konica minolta bizhub, kyocera y canon imagerunner. alta capacidad hasta 26.000 págs. iso 9001. ahorra 70%. envío 24h.",
https://www.star-toner.com/collections/toners-y-tintas-impresoras-productos-mas-vendidos,Tóner y Tinta Compatible más Vendidos | ISO 9001 | Startoner,98,0.0206236416291532,n/a,1,200,0.528,0,1,1,1,0,Self-canonical,1,250,44,0,0,2,0,47,241,6,los tóneres y cartuchos de tinta compatible más vendidos de star-toner. calidad certificada iso 9001. ahorra hasta 70% vs original. envío 24h en españa.,
https://www.star-toner.com/collections/toners-y-tintas-impresoras-productos-mas-vendidos?page=1,Tóner y Tinta Compatible más Vendidos | ISO 9001 | Startoner,50,0.0020930475223574422,n/a,3,200,0.582,0,1,1,1,0,Canonical to other page,0,6,45,0,0,2,2,46,241,7,los tóneres y cartuchos de tinta compatible más vendidos de star-toner. calidad certificada iso 9001. ahorra hasta 70% vs original. envío 24h en españa.,
https://www.star-toner.com/collections/toners-y-tintas-impresoras-productos-mas-vendidos?page=2,Tóner y Tinta Compatible más Vendidos | ISO 9001 &ndash; Pág 2 |,59,0.00229926227352215,n/a,2,200,0.462,0,1,1,1,0,Self-canonical,0,4,46,0,0,2,1,46,241,6,los tóneres y cartuchos de tinta compatible más vendidos de star-toner. calidad certificada iso 9001. ahorra hasta 70% vs original. envío 24h en españa.,
https://www.star-toner.com/collections/toners-y-tintas-impresoras-productos-mas-vendidos?page=3,Tóner y Tinta Compatible más Vendidos | ISO 9001 &ndash; Pág 3 |,67,0.0023214092386100228,n/a,2,200,0.421,0,1,1,1,0,Self-canonical,0,5,47,0,0,2,1,46,241,6,los tóneres y cartuchos de tinta compatible más vendidos de star-toner. calidad certificada iso 9001. ahorra hasta 70% vs original. envío 24h en españa.,
https://www.star-toner.com/collections/toners-y-tintas-impresoras-productos-mas-vendidos?page=4,Tóner y Tinta Compatible más Vendidos | ISO 9001 &ndash; Pág 4 |,36,0.0020340519110891913,n/a,3,200,0.539,0,1,1,1,0,Self-canonical,0,4,48,0,0,2,1,46,241,6,los tóneres y cartuchos de tinta compatible más vendidos de star-toner. calidad certificada iso 9001. ahorra hasta 70% vs original. envío 24h en españa.,
https://www.star-toner.com/collections/toners-y-tintas-impresoras-productos-mas-vendidos?page=5,Tóner y Tinta Compatible más Vendidos | ISO 9001 &ndash; Pág 5 |,41,0.0020449343029440574,n/a,3,200,0.379,0,1,1,1,0,Self-canonical,0,4,47,0,0,2,1,46,241,6,los tóneres y cartuchos de tinta compatible más vendidos de star-toner. calidad certificada iso 9001. ahorra hasta 70% vs original. envío 24h en españa.,
https://www.star-toner.com/collections/toners-y-tintas-impresoras-productos-mas-vendidos?page=6,Tóner y Tinta Compatible más Vendidos | ISO 9001 &ndash; Pág 6 |,15,0.0020188054854208435,n/a,3,200,0.49,0,1,1,1,0,Self-canonical,0,3,46,0,0,2,1,46,241,6,los tóneres y cartuchos de tinta compatible más vendidos de star-toner. calidad certificada iso 9001. ahorra hasta 70% vs original. envío 24h en españa.,
https://www.star-toner.com/collections/toners-y-tintas-impresoras-productos-mas-vendidos?page=7,Tóner y Tinta Compatible más Vendidos | ISO 9001 &ndash; Pág 7 |,79,0.0023693634341617983,n/a,2,200,0.445,0,1,1,1,0,Self-canonical,0,7,33,0,0,2,1,46,241,6,los tóneres y cartuchos de tinta compatible más vendidos de star-toner. calidad certificada iso 9001. ahorra hasta 70% vs original. envío 24h en españa.,
https://www.star-toner.com/pages/contacto-startoner,Contacto startoner productos y servicios | Startoner,94,0.02040870214443814,n/a,1,200,0.492,0,1,1,1,0,Self-canonical,1,250,25,0,0,1,0,33,224,5,"contacto startoner productos toners tintas y impresoras , y servicio de reparacione de impresoras",
https://www.star-toner.com/pages/conviertete-en-distribuidores,Distribuidor Mayorista Tóner Compatible España | Programa starton,94,0.02040870214443814,n/a,1,200,0.311,0,1,1,1,0,Self-canonical,1,250,25,0,0,1,0,34,224,6,"hazte distribuidor mayorista de tóner y cartuchos compatibles. márgenes del 40-60%, envío 24h, soporte dedicado y +25 años en el mercado español. solicita",
https://www.star-toner.com/pages/llms-txt,,-,-,n/a,0,200,0.334,0,0,0,0,0,-,1,0,-,-,0,-,-,-,-,1,-,
https://www.star-toner.com/pages/ofertas,Ofertas Tóner Compatible y Cartuchos de Tinta | startoner España,97,0.020550350904741815,n/a,1,200,0.459,0,1,1,1,0,Self-canonical,1,250,35,0,0,1,0,41,233,5,"hasta un 70% de descuento en tóner compatible y cartuchos de tinta. certificados iso 9001. envío 24h. hp, canon, brother, epson. compra segura en startoner",
https://www.star-toner.com/pages/politica-de-devoluciones-star-toner,Política de Devoluciones 30 días | Star-Toner | Startoner,94,0.02042764266715034,n/a,1,200,0.339,0,1,1,1,0,Self-canonical,1,250,26,0,0,1,0,33,224,5,"politica de devoluciones en startoner, queremos que estés completamente satisfecho con tu compra. , te ofrecemos una política de devoluciones clara y senci",
https://www.star-toner.com/pages/preguntas-frecuentes,Preguntas Frecuentes sobre Tóner Compatible | Star-Toner | Starto,94,0.02042764266715034,n/a,1,200,0.337,0,1,1,1,0,Self-canonical,1,250,26,0,0,1,0,33,224,5,"resuelve tus dudas sobre compatibilidad, calidad, envíos y garantías de tóner compatible. 24 preguntas respondidas. certificado iso 9001. garantía 2 años i",
https://www.star-toner.com/pages/quien-somos,Star-Toner: Tóner Compatible | ISO 9001 | España | Startoner,94,0.02040870214443814,n/a,1,200,0.404,0,1,1,1,0,Self-canonical,1,250,25,0,0,1,0,33,224,5,"somos startoner, distribuidores españoles de tóner compatible certificado iso 9001 desde 1998. sede en los barrios, cádiz. envío 24h. garantía 2 años sobre",
https://www.star-toner.com/policies/contact-information,Información de contacto | Startoner,95,0.02044521534949957,n/a,1,200,0.278,0,1,1,1,0,Self-canonical,0,250,26,1,0,1,0,34,224,6,"tóner y cartuchos de tinta compatibles para hp, epson, brother y canon al mejor precio online en españa. envío express 24h.",
https://www.star-toner.com/policies/legal-notice,Aviso legal | Startoner,94,0.02040870214443814,n/a,1,200,0.398,0,1,1,1,0,Self-canonical,0,250,25,0,0,1,0,34,224,6,"tóner y cartuchos de tinta compatibles para hp, epson, brother y canon al mejor precio online en españa. envío express 24h.",
https://www.star-toner.com/policies/privacy-policy,Política de privacidad | Startoner,94,0.02042764266715034,n/a,1,200,0.288,0,1,1,1,0,Self-canonical,0,250,25,1,0,1,0,34,224,6,"tóner y cartuchos de tinta compatibles para hp, epson, brother y canon al mejor precio online en españa. envío express 24h.",
https://www.star-toner.com/policies/refund-policy,Política de reembolso | Startoner,94,0.02040870214443814,n/a,1,200,0.255,0,1,1,1,0,Self-canonical,0,250,25,0,0,1,0,34,224,5,"tóner y cartuchos de tinta compatibles para hp, epson, brother y canon al mejor precio online en españa. envío express 24h garantizado con star toner.",
https://www.star-toner.com/policies/shipping-policy,Política de envío | Startoner,94,0.02040870214443814,n/a,1,200,0.359,0,1,1,1,0,Self-canonical,0,250,25,0,0,1,0,34,224,6,"tóner y cartuchos de tinta compatibles para hp, epson, brother y canon al mejor precio online en españa. envío express 24h.",
https://www.star-toner.com/policies/terms-of-service,Términos del servicio | Startoner,94,0.02040870214443814,n/a,1,200,0.314,0,1,1,1,0,Self-canonical,0,250,25,0,0,1,0,34,224,6,"tóner y cartuchos de tinta compatibles para hp, epson, brother y canon al mejor precio online en españa. envío express 24h.",
https://www.star-toner.com/products/botella-de-tinta-compatible-canon-cgi-590-maxima-eficiencia,Botella tinta Canon CGI-590 compatible | ISO 9001 | Startoner,51,0.002097223850893629,n/a,2,200,0.375,0,1,1,1,0,Self-canonical,1,5,27,2,0,1,0,75,254,7,"ahorra hasta 70% en tinta canon cgi-590. calidad certificada iso 9001. envío 24h. para pixma g1000, pixma g2000.",
https://www.star-toner.com/products/cartucho-de-tinta-compatible-brother-lc11-16-38-39-60-calidad-premium,Cartucho Brother LC11 16 38 39 60 compatible | ISO 9001 | Starton,52,0.0020992252147875976,n/a,2,200,0.358,0,1,1,1,0,Self-canonical,1,5,27,0,0,1,0,75,254,5,ahorra hasta 70% en cartucho brother lc11 16 38 39 60. calidad certificada iso 9001. envío 24h.,
https://www.star-toner.com/products/cartucho-de-tinta-compatible-brother-lc223-221-rendimiento-superior,Cartucho Brother LC223 221 compatible | ISO 9001 | Startoner,54,0.0021093578808521075,n/a,2,200,0.458,0,1,1,1,0,Self-canonical,1,5,27,2,0,1,0,75,254,7,ahorra hasta 70% en cartucho brother lc223 221. calidad certificada iso 9001. envío 24h.,
https://www.star-toner.com/products/cartucho-de-tinta-compatible-brother-lc3213-calidad-premium,Cartucho Brother LC3213 compatible | ISO 9001 | Startoner,52,0.0020992252147875976,n/a,2,200,0.359,0,1,1,1,0,Self-canonical,1,5,27,0,0,1,0,75,254,5,ahorra hasta 70% en cartucho brother lc3213. calidad certificada iso 9001. envío 24h.,
https://www.star-toner.com/products/cartucho-de-tinta-compatible-brother-lc3217-calidad-premium,Cartucho Brother LC3217 compatible | ISO 9001 | Startoner,52,0.0020992252147875976,n/a,2,200,0.36,0,1,1,1,0,Self-canonical,1,5,27,2,0,1,0,75,254,7,ahorra hasta 70% en cartucho brother lc3217. calidad certificada iso 9001. envío 24h.,
https://www.star-toner.com/products/cartucho-de-tinta-compatible-canon-cc-521-calidad-premium,Cartucho Canon CC-521 compatible | ISO 9001 | Startoner,78,0.002363968169994656,n/a,2,200,0.366,0,1,1,1,0,Self-canonical,1,5,27,2,0,1,0,76,254,8,"ahorra hasta 70% en cartucho canon cc-521. calidad certificada iso 9001. envío 24h. para mx860, mx870.",
https://www.star-toner.com/products/cartucho-de-tinta-compatible-canon-cc-551-xl-alto-rendimiento,Cartucho Canon CC-551 XL compatible | ISO 9001 | Startoner,51,0.002097223850893629,n/a,2,200,0.346,0,1,1,1,0,Self-canonical,1,5,27,0,0,1,0,75,254,5,ahorra hasta 70% en cartucho canon cc-551 xl. calidad certificada iso 9001. envío 24h.,
https://www.star-toner.com/products/cartucho-de-tinta-compatible-canon-cc-571-xl-maximo-rendimiento,Cartucho Canon CC-571 XL compatible | ISO 9001 | Startoner,51,0.002097223850893629,n/a,2,200,0.327,0,1,1,1,0,Self-canonical,1,5,27,0,0,1,0,75,254,5,ahorra hasta 70% en cartucho canon cc-571 xl. calidad certificada iso 9001. envío 24h.,
https://www.star-toner.com/products/cartucho-de-tinta-compatible-canon-cc-821-impresiones-impecables,Cartucho Canon CC-821 compatible | ISO 9001 | Startoner,49,0.002071257596568117,n/a,2,200,0.328,0,1,1,1,0,Self-canonical,1,4,27,2,0,1,0,75,254,7,"ahorra hasta 70% en cartucho canon cc-821. calidad certificada iso 9001. envío 24h. para mx868, mx876.",
https://www.star-toner.com/products/cartucho-de-tinta-compatible-canon-pixma-g2411-3411-alta-calidad,Cartucho Canon Pixma G2411 3411 compatible | ISO 9001 | Startoner,49,0.002071257596568117,n/a,2,200,0.243,0,1,1,1,0,Self-canonical,1,4,27,2,0,1,0,75,254,7,ahorra hasta 70% en cartucho canon pixma g2411 3411. calidad certificada iso 9001. envío 24h.,
https://www.star-toner.com/products/cartucho-de-tinta-epson-t0711-t0714-guepardo-compatible,Cartucho Epson T0711 T0714 compatible | ISO 9001 | Startoner,81,0.002397830709437917,n/a,2,200,0.306,0,1,1,1,0,Self-canonical,1,6,27,2,0,1,0,76,254,8,ahorra hasta 70% en cartucho epson t0711 t0714. calidad certificada iso 9001. envío 24h.,
https://www.star-toner.com/products/cartucho-de-tinta-hp-364xl-compatible,Cartucho HP 364XL compatible | ISO 9001 | Startoner,71,0.0023324413973573334,n/a,2,200,0.336,0,1,1,1,0,Self-canonical,1,5,27,2,0,1,0,76,254,8,ahorra hasta 70% en cartucho hp 364xl. calidad certificada iso 9001. envío 24h.,
https://www.star-toner.com/products/cartucho-de-tinta-hp-913-compatible,Cartucho HP 913 compatible | ISO 9001 | Startoner,71,0.0023324413973573334,n/a,2,200,0.398,0,1,1,1,0,Self-canonical,1,5,27,2,0,1,0,76,254,8,ahorra hasta 70% en cartucho hp 913. calidad certificada iso 9001. envío 24h.,
https://www.star-toner.com/products/cartucho-de-tinta-hp-920xl-compatible,Cartucho HP 920XL compatible | ISO 9001 | Startoner,71,0.0023324413973573334,n/a,2,200,0.362,0,1,1,1,0,Self-canonical,1,5,27,2,0,1,0,76,254,8,ahorra hasta 70% en cartucho hp 920xl. calidad certificada iso 9001. envío 24h.,
https://www.star-toner.com/products/cartucho-de-tinta-hp-940xl-compatible,Cartucho HP 940XL compatible | ISO 9001 | Startoner,71,0.0023324413973573334,n/a,2,200,0.332,0,1,1,1,0,Self-canonical,1,5,27,2,0,1,0,76,254,8,ahorra hasta 70% en cartucho hp 940xl. calidad certificada iso 9001. envío 24h.,
https://www.star-toner.com/products/cartucho-de-tinta-hp-950xl-compatible,Cartucho HP 950XL compatible | ISO 9001 | Startoner,61,0.0023061535559725102,n/a,2,200,0.321,0,1,1,1,0,Self-canonical,1,4,27,2,0,1,0,76,254,8,ahorra hasta 70% en cartucho hp 950xl. calidad certificada iso 9001. envío 24h.,
https://www.star-toner.com/products/cartucho-de-tinta-hp-953xl-compatible,Cartucho HP 953XL compatible | ISO 9001 | Startoner,88,0.002620219396375286,n/a,2,200,0.332,0,1,1,1,0,Self-canonical,1,6,27,2,0,1,0,76,254,8,ahorra hasta 70% en cartucho hp 953xl. calidad certificada iso 9001. envío 24h.,
https://www.star-toner.com/products/cartucho-de-tinta-hp-973xl-compatible,Cartucho HP 973XL compatible | ISO 9001 | Startoner,71,0.0023324413973573334,n/a,2,200,0.322,0,1,1,1,0,Self-canonical,1,5,27,0,0,1,0,76,254,6,ahorra hasta 70% en cartucho hp 973xl. calidad certificada iso 9001. envío 24h.,
https://www.star-toner.com/products/cartucho-de-tinta-hp-gt51-gt52-compatible,Botella tinta HP GT51 / GT52 compatible | ISO 9001 | Startoner,48,0.0020661727631259763,n/a,2,200,0.331,0,1,1,1,0,Self-canonical,1,4,27,2,0,1,0,75,254,7,ahorra hasta 70% en tinta hp gt51 / gt52. calidad certificada iso 9001. envío 24h.,
https://www.star-toner.com/products/cartucho-tinta-compatible-canon-cc-581-xxl-rendimiento-xxl,Cartucho Canon CC-581 XXL compatible | ISO 9001 | Startoner,51,0.002097223850893629,n/a,2,200,0.499,0,1,1,1,0,Self-canonical,1,5,27,0,0,1,0,75,254,5,ahorra hasta 70% en cartucho canon cc-581 xxl. calidad certificada iso 9001. envío 24h.,
https://www.star-toner.com/products/cartucho-tinta-compatible-epson-603xl-estrella-alto-rendimiento,Cartucho Epson 603XL compatible | ISO 9001 | Startoner,53,0.0021047985489520663,n/a,2,200,0.363,0,1,1,1,0,Self-canonical,1,5,27,2,0,1,0,75,254,7,ahorra hasta 70% en cartucho epson 603xl. calidad certificada iso 9001. envío 24h.,
https://www.star-toner.com/products/cartucho-tinta-compatible-epson-e29xl-fresa-alto-rendimiento,Cartucho Epson 29XL compatible | ISO 9001 | Startoner,81,0.002397830709437917,n/a,2,200,0.308,0,1,1,1,0,Self-canonical,1,6,27,2,0,1,0,76,254,8,ahorra hasta 70% en cartucho epson 29xl. 450 págs certificadas iso 9001. envío 24h.,
https://www.star-toner.com/products/cartucho-tinta-compatible-epson-e604xl-pina-alto-rendimiento,Cartucho Epson E604XL compatible | ISO 9001 | Startoner,54,0.0021051201360113773,n/a,2,200,0.568,0,1,1,1,0,Self-canonical,1,5,27,2,0,1,0,75,254,7,ahorra hasta 70% en cartucho epson e604xl. calidad certificada iso 9001. envío 24h.,
https://www.star-toner.com/products/cartucho-tinta-compatible-epson-t7891xxl-maxima-capacidad,Cartucho Epson T7891XXL compatible | ISO 9001 | Startoner,64,0.002318813087473088,n/a,2,200,0.378,0,1,1,1,0,Self-canonical,1,4,27,2,0,1,0,76,254,8,ahorra hasta 70% en cartucho epson t7891xxl. calidad certificada iso 9001. envío 24h.,
https://www.star-toner.com/products/cartucho-tinta-compatible-hp-18xl-88xl-rendimiento-superior,Cartucho HP 18XL 88XL compatible | ISO 9001 | Startoner,71,0.0023324413973573334,n/a,2,200,0.343,0,1,1,1,0,Self-canonical,1,5,27,2,0,1,0,76,254,8,ahorra hasta 70% en cartucho hp 18xl 88xl. calidad certificada iso 9001. envío 24h.,
https://www.star-toner.com/products/cartucho-tinta-compatible-hp-711-precision-tecnica,Cartucho HP 711 compatible | ISO 9001 | Startoner,71,0.0023324413973573334,n/a,2,200,0.573,0,1,1,1,0,Self-canonical,1,5,27,2,0,1,0,76,254,8,ahorra hasta 70% en cartucho hp 711. calidad certificada iso 9001. envío 24h.,
https://www.star-toner.com/products/cartucho-tinta-compatible-hp-903xl-rendimiento-xl,Cartucho HP 903XL compatible | ISO 9001 | Startoner,71,0.0023324413973573334,n/a,2,200,0.374,0,1,1,1,0,Self-canonical,1,5,27,2,0,1,0,76,254,8,ahorra hasta 70% en cartucho hp 903xl. calidad certificada iso 9001. envío 24h.,
https://www.star-toner.com/products/cartucho-tinta-compatible-hp-934xl-935xl-alta-capacidad,Cartucho HP 934XL 935XL compatible | ISO 9001 | Startoner,71,0.0023324413973573334,n/a,2,200,0.404,0,1,1,1,0,Self-canonical,1,5,27,0,0,1,0,76,254,6,ahorra hasta 70% en cartucho hp 934xl 935xl. calidad certificada iso 9001. envío 24h.,
https://www.star-toner.com/products/impresora-canon-mf3010-multifuncion-3-en-1,Impresora Canon MF3010 Laser Multifunción 3 en 1 | Startoner,92,0.0028107191188166242,n/a,2,200,0.322,0,1,1,1,0,Self-canonical,1,3,27,2,0,1,0,72,252,7,"la impresora canon mf3010 es la impresora 3 en 1 ideal para oficinas pequeñas. imprime, copia y escanea con un diseño ultra compacto, rápido y fácil de usa",
https://www.star-toner.com/products/impresora-de-codigos-de-barras-termica-kw-d464b,Impresora Térmica KW-D464B | Etiquetas Envío | Envío 24h | Starto,86,0.002435306466880384,n/a,2,200,0.313,0,1,1,1,0,Self-canonical,1,3,27,2,0,1,0,75,254,7,"optimiza tu etiquetado con la kw-d464b. impresora térmica compacta, 152mm/s y 203 dpi. compatible con windows, mac, ios y android. ¡envío urgente en 24h!",
https://www.star-toner.com/products/impresora-de-recibos-termica-kw-m804,Impresora Recibos Térmica KW-M804 | POS 80mm | Envío 24h | Starto,85,0.0024235227926074766,n/a,2,200,0.319,0,1,1,1,0,Self-canonical,1,3,27,2,0,1,0,75,254,7,"¡optimiza tu pos! impresora de tickets térmica kw-m804 de 80mm. velocidad 160mm/s, autocorte profesional y soporte qr. ideal para hostelería. envío urgente",
https://www.star-toner.com/products/impresora-termica-de-codigos-de-barras-kw-430b,Impresora Térmica KW 430B | Etiquetas Logística | Envío | Starton,86,0.002435306466880384,n/a,2,200,0.31,0,1,1,1,0,Self-canonical,1,3,27,2,0,1,0,75,254,7,optimiza tu logística con la kw 430b. impresora térmica de alta velocidad (152mm/s) y 203 dpi. ideal para etiquetas de envío y códigos de barras. ¡envío ur,
https://www.star-toner.com/products/impresora-termica-de-tickets-kw-m806,Impresora Térmica KW-M806 | Tickets 80mm 300mm/s | Envío | Starto,85,0.0024350649835921455,n/a,2,200,0.414,0,1,1,1,0,Self-canonical,1,3,27,2,0,1,0,75,254,7,"¡máxima velocidad para tu negocio! impresora térmica kw-m806 de 300mm/s. triple interfaz (usb/lan/serial), autocorte y soporte qr. ideal para hostelería. e",
https://www.star-toner.com/products/pack-de-toner-color-compatible-brother-tn210-tn230,Tóner Brother TN210 TN230 compatible | ISO 9001 | Startoner,69,0.0023281317586608488,n/a,2,200,0.333,0,1,1,1,0,Self-canonical,1,5,27,2,0,1,0,73,252,8,ahorra hasta 70% en tóner brother tn210 tn230. calidad certificada iso 9001. envío 24h.,
https://www.star-toner.com/products/pack-toner-color-compatible-brother-tn-881xl-tn821xl,Tóner Brother TN 881XL TN821XL | 15.000 págs | ISO 9001 | Starton,90,0.002642197599063625,n/a,2,200,0.36,0,1,1,1,0,Self-canonical,1,7,27,2,0,1,0,73,252,8,"ahorra hasta 70% en tóner brother tn 881xl tn821xl. 15.000 págs certificadas iso 9001. envío 24h. para hl-l9430cdn, hl-l9470cdn.",
https://www.star-toner.com/products/pack-toner-color-compatible-brother-tn423-tn433,Pack Ahorro tóner Brother TN423 TN433 | 4.500 págs | ISO 9001 | S,90,0.002642197599063625,n/a,2,200,0.441,0,1,1,1,0,Self-canonical,1,7,27,0,0,1,0,73,252,6,"ahorra hasta 70% en tóner brother tn423 tn433. 4.500 págs certificadas iso 9001. envío 24h. para hl-l8260cdw, hl-l8360cdw.",
https://www.star-toner.com/products/tambor-compatible-brother-color-dr241-dr245,Tambor Brother Color DR241 DR245 | 15.000 págs | ISO 9001 | Start,70,0.002328487269957905,n/a,2,200,0.372,0,1,1,1,0,Self-canonical,1,5,27,0,0,1,0,74,254,5,"ahorra hasta 70% en tambor brother color dr241 dr245. 15.000 págs certificadas iso 9001. envío 24h. para hl-3140cw, hl-3150.",
https://www.star-toner.com/products/tambor-compatible-brother-color-dr243-dr247,Tambor Brother Color DR243 DR247 | 18.000 págs | ISO 9001 | Start,70,0.002328487269957905,n/a,2,200,0.379,0,1,1,1,0,Self-canonical,1,5,27,0,0,1,0,75,254,5,"ahorra hasta 70% en tambor brother color dr243 dr247. 18.000 págs certificadas iso 9001. envío 24h. para hl-3210cw, hl-3230cdn.",
https://www.star-toner.com/products/tambor-compatible-brother-dr1050-rendimiento-de-10-000-paginas,Tambor Brother DR1050 compatible | 10.000 págs | ISO 9001 | Start,37,0.0020361490721514837,n/a,3,200,0.385,0,1,1,1,0,Self-canonical,1,4,27,2,0,1,0,72,252,7,ahorra hasta 70% en tambor brother dr1050. 10.000 págs certificadas iso 9001. envío 24h.,
https://www.star-toner.com/products/tambor-compatible-brother-dr2300-dr2305,Tambor Brother DR2300 / DR2305 | 12.000 págs | ISO 9001 | Starton,70,0.002328487269957905,n/a,2,200,0.44,0,1,1,1,0,Self-canonical,1,5,27,0,0,1,0,72,252,5,"ahorra hasta 70% en tambor brother dr2300 / dr2305. 12.000 págs certificadas iso 9001. envío 24h. para dcp-l2500, dcp-l2520.",
https://www.star-toner.com/products/tambor-compatible-brother-dr2400-premium,Tambor Brother DR2400 compatible | 12.000 págs | ISO 9001 | Start,70,0.002328487269957905,n/a,2,200,0.406,0,1,1,1,0,Self-canonical,1,5,27,2,0,1,0,72,252,7,"ahorra hasta 70% en tambor brother dr2400. 12.000 págs certificadas iso 9001. envío 24h. para hl-l2310d, hl-l2350dn.",
https://www.star-toner.com/products/tambor-compatible-brother-dr248-color,Tambor Brother DR248 Color | 30.000 págs | ISO 9001 | Startoner,70,0.002328487269957905,n/a,2,200,0.284,0,1,1,1,0,Self-canonical,1,5,27,0,0,1,0,75,254,5,"ahorra hasta 70% en tambor brother dr248 color. 30.000 págs certificadas iso 9001. envío 24h. para hl-l3220cw, hl-l3220cdw.",
https://www.star-toner.com/products/tambor-compatible-brother-dr2510-premium,Tambor Brother DR2510 compatible | 15.000 págs | ISO 9001 | Start,70,0.002328487269957905,n/a,2,200,0.537,0,1,1,1,0,Self-canonical,1,5,27,0,0,1,0,72,252,5,"ahorra hasta 70% en tambor brother dr2510. 15.000 págs certificadas iso 9001. envío 24h. para hl-l2400dw, hl-l2400dwe.",
https://www.star-toner.com/products/tambor-compatible-brother-dr350-2000-2025-rendimiento-de-12-000-paginas,Tambor Brother DR-2000 / DR-350 | 12.000 págs | ISO 9001 | Starto,18,0.002020433547684079,n/a,3,200,0.362,0,1,1,1,0,Self-canonical,1,3,27,2,0,1,0,72,252,7,"ahorra hasta 70% en tambor brother dr-2000 / dr-350 / dr-2025. 12.000 págs certificadas iso 9001. envío 24h. para hl-2030, hl-2032.",
https://www.star-toner.com/products/tambor-compatible-brother-dr360-dr2100-dr2125-dr2150,Tambor Brother DR360 DR2100 | 12.000 págs | ISO 9001 | Startoner,8,0.002004292102351183,n/a,3,200,0.417,0,1,1,1,0,Self-canonical,1,3,27,2,0,1,0,72,252,7,"ahorra hasta 70% en tambor brother dr360 dr2100 dr2125 dr2150. 12.000 págs certificadas iso 9001. envío 24h. para hl-2140, hl-2150n.",
https://www.star-toner.com/products/tambor-compatible-brother-dr420-dr450-dr2200-dr2225-dr2245-dr2250,Tambor Brother DR420 DR450 | 12.000 págs | ISO 9001 | Startoner,31,0.0020262800435774464,n/a,3,200,0.281,0,1,1,1,0,Self-canonical,1,4,27,2,0,1,0,72,252,7,"ahorra hasta 70% en tambor brother dr420 dr450 dr2200 dr2225 dr2245 dr2250. 12.000 págs certificadas iso 9001. envío 24h. para hl-2220, hl-2230.",
https://www.star-toner.com/products/tambor-compatible-brother-dr421cl-premium,Tambor Brother DR-421CL | 50.000 págs | ISO 9001 | Startoner,13,0.002014421429555129,n/a,2,200,0.41,0,1,1,1,0,Self-canonical,1,3,27,0,0,1,0,72,252,5,"ahorra hasta 70% en tambor brother dr-421cl. 50.000 págs certificadas iso 9001. envío 24h. para dcp-l8410cdw, hl-l8260cdw.",
https://www.star-toner.com/products/tambor-compatible-canon-crg-049-12000-paginas,Tambor Canon CRG-049 compatible | 12.000 págs | ISO 9001 | Starto,82,0.002406150989326392,n/a,2,200,0.41,0,1,1,1,0,Self-canonical,1,5,27,2,0,1,0,73,252,8,"ahorra hasta 70% en tambor canon crg-049. 12.000 págs certificadas iso 9001. envío 24h. para lbp112, lbp113w.",
https://www.star-toner.com/products/tambor-compatible-canon-crg-051-23000-paginas,Tambor Canon CRG-051 compatible | 23.000 págs | ISO 9001 | Starto,17,0.0020190242266422066,n/a,2,200,0.34,0,1,1,1,0,Self-canonical,1,3,27,2,0,1,0,73,252,8,"ahorra hasta 70% en tambor canon crg-051. 23.000 págs certificadas iso 9001. envío 24h. para lbp160, lbp161dn.",
https://www.star-toner.com/products/tambor-compatible-canon-exv14-calidad-premium-50000-paginas,Tambor Canon EXV14 compatible | 50.000 págs | ISO 9001 | Startone,65,0.0023191480304361784,n/a,2,200,0.283,0,1,1,1,0,Self-canonical,1,3,27,0,0,1,0,72,252,5,ahorra hasta 70% en tambor canon exv14. 50.000 págs certificadas iso 9001. envío 24h.,
https://www.star-toner.com/products/tambor-compatible-canon-exv42-calidad-premium-55000-paginas,Tambor Canon EXV42 compatible | 55.000 págs | ISO 9001 | Startone,65,0.0023191480304361784,n/a,2,200,0.337,0,1,1,1,0,Self-canonical,1,3,27,2,0,1,0,72,252,7,ahorra hasta 70% en tambor canon exv42. 55.000 págs certificadas iso 9001. envío 24h.,
https://www.star-toner.com/products/tambor-compatible-canon-exv50-calidad-premium-60000-paginas,Tambor Canon EXV50 compatible | 60.000 págs | ISO 9001 | Startone,65,0.0023191480304361784,n/a,2,200,0.333,0,1,1,1,0,Self-canonical,1,3,27,2,0,1,0,72,252,7,ahorra hasta 70% en tambor canon exv50. 60.000 págs certificadas iso 9001. envío 24h.,
https://www.star-toner.com/products/tambor-compatible-hp-120a-w1120a-con-chip-16000-paginas,Tambor HP 120A (W1120A) con Chip | 16.000 págs | ISO 9001 | Start,90,0.0026682751115576506,n/a,2,200,0.369,0,1,1,1,0,Self-canonical,1,5,27,2,0,1,0,73,252,8,ahorra hasta 70% en tambor hp 120a (w1120a) con chip. 16.000 págs certificadas iso 9001. envío 24h.,
https://www.star-toner.com/products/tambor-compatible-hp-126a-ce314a-canon-729-14000-paginas,Tambor HP 126A (CE314A) y Canon | 14.000 págs | ISO 9001 | Starto,60,0.0023042798711209005,n/a,2,200,0.4,0,1,1,1,0,Self-canonical,1,4,27,0,0,1,0,73,252,6,ahorra hasta 70% en tambor hp 126a (ce314a) y canon 729 con chip. 14.000 págs certificadas iso 9001. envío 24h.,
https://www.star-toner.com/products/tambor-compatible-hp-cf219a-19a-premium,Tambor HP CF219A (19A) compatible | ISO 9001 | Startoner,11,0.002009021021450467,n/a,3,200,0.334,0,1,1,1,0,Self-canonical,1,3,27,0,0,1,0,72,252,5,ahorra hasta 70% en tambor hp cf219a (19a). calidad certificada iso 9001. envío 24h.,
https://www.star-toner.com/products/tambor-compatible-hp-cf232a-32a-premium,Tambor HP CF232A (32A) compatible | ISO 9001 | Startoner,11,0.002009021021450467,n/a,3,200,0.381,0,1,1,1,0,Self-canonical,1,3,27,2,0,1,0,72,252,7,ahorra hasta 70% en tambor hp cf232a (32a). calidad certificada iso 9001. envío 24h.,
https://www.star-toner.com/products/tambor-compatible-hp-cf257a-57a-80000-paginas,Tambor HP CF257A (57A) compatible | 80.000 págs | ISO 9001 | Star,32,0.002028913387094959,n/a,3,200,0.343,0,1,1,1,0,Self-canonical,1,4,27,0,0,1,0,72,252,5,ahorra hasta 70% en tambor hp cf257a (57a). 80.000 págs certificadas iso 9001. envío 24h.,
https://www.star-toner.com/products/tambor-compatible-lexmark-d260a-dell-2330-30000-paginas,Tambor Lexmark D260A / E260X22G | 30.000 págs | ISO 9001 | Starto,25,0.002023737661919599,n/a,2,200,0.385,0,1,1,1,0,Self-canonical,1,3,27,0,0,1,0,71,252,5,ahorra hasta 70% en tambor lexmark d260a / e260x22g. 30.000 págs certificadas iso 9001. envío 24h.,
https://www.star-toner.com/products/tambor-compatible-lexmark-d310-50f0z00-60000-paginas,Tambor Lexmark D310 / 50F0Z00 | 60.000 págs | ISO 9001 | Startone,41,0.0020457256031458622,n/a,2,200,0.277,0,1,1,1,0,Self-canonical,1,4,27,2,0,1,0,72,252,7,"ahorra hasta 70% en tambor lexmark d310 / 50f0z00. 60.000 págs certificadas iso 9001. envío 24h. para ms310, ms310d.",
https://www.star-toner.com/products/tambor-compatible-lexmark-d317-51b0z00-60000-paginas,Tambor Lexmark D317 / 51B0Z00 | 60.000 págs | ISO 9001 | Startone,25,0.002023737661919599,n/a,2,200,0.269,0,1,1,1,0,Self-canonical,1,3,27,0,0,1,0,72,252,5,"ahorra hasta 70% en tambor lexmark d317 / 51b0z00. 60.000 págs certificadas iso 9001. envío 24h. para ms317dn, ms417dn.",
https://www.star-toner.com/products/tambor-compatible-samsung-116-mlt-r116-9000-paginas,Tambor Samsung 116 (MLT-R116) | 9.000 págs | ISO 9001 | Startoner,18,0.0020198503753813537,n/a,2,200,0.366,0,1,1,1,0,Self-canonical,1,3,27,2,0,1,0,72,252,7,ahorra hasta 70% en tambor samsung 116 (mlt-r116). 9.000 págs certificadas iso 9001. envío 24h. para xpress sl.,
https://www.star-toner.com/products/tinta-compatible-brother-lc-424-calidad-premium,Cartucho Brother LC424 compatible | ISO 9001 | Startoner,3,0.0019962542773866955,n/a,3,200,0.348,0,1,1,1,0,Self-canonical,1,2,27,2,0,1,0,75,254,7,ahorra hasta 70% en cartucho brother lc424. calidad certificada iso 9001. envío 24h. para dcp-j1200.,
https://www.star-toner.com/products/tinta-compatible-brother-lc12-17-73-77-75-calidad-premium,Cartucho Brother LC12 17 73 77 75 compatible | ISO 9001 | Starton,3,0.0019962542773866955,n/a,3,200,0.331,0,1,1,1,0,Self-canonical,1,2,27,0,0,1,0,75,254,5,ahorra hasta 70% en cartucho brother lc12 17 73 77 75. calidad certificada iso 9001. envío 24h.,
https://www.star-toner.com/products/tinta-compatible-brother-lc123-xl-calidad-premium,Cartucho Brother LC123 XL compatible | ISO 9001 | Startoner,33,0.002029276781637179,n/a,3,200,0.302,0,1,1,1,0,Self-canonical,1,3,27,2,0,1,0,75,254,7,ahorra hasta 70% en cartucho brother lc123 xl. calidad certificada iso 9001. envío 24h.,
https://www.star-toner.com/products/tinta-compatible-epson-102-rendimiento-fiabilidad-ecotank,Cartucho Epson 102 EcoTank compatible | ISO 9001 | Startoner,45,0.002050665895105232,n/a,2,200,0.318,0,1,1,1,0,Self-canonical,1,4,27,2,0,1,0,75,254,7,ahorra hasta 70% en cartucho epson 102 ecotank. calidad certificada iso 9001. envío 24h.,
https://www.star-toner.com/products/tinta-compatible-epson-103-ecotank-impresiones-eficientes,Cartucho Epson 103 EcoTank compatible | ISO 9001 | Startoner,45,0.002050665895105232,n/a,2,200,0.283,0,1,1,1,0,Self-canonical,1,4,27,0,0,1,0,75,254,5,ahorra hasta 70% en cartucho epson 103 ecotank. calidad certificada iso 9001. envío 24h.,
https://www.star-toner.com/products/tinta-compatible-epson-104-ecotank-alto-rendimiento,Cartucho Epson 104 EcoTank compatible | ISO 9001 | Startoner,45,0.002050665895105232,n/a,2,200,0.304,0,1,1,1,0,Self-canonical,1,4,27,2,0,1,0,75,254,7,ahorra hasta 70% en cartucho epson 104 ecotank. calidad certificada iso 9001. envío 24h.,
https://www.star-toner.com/products/tinta-compatible-epson-106-ecotank-alta-definicion,Cartucho Epson 106 EcoTank compatible | ISO 9001 | Startoner,45,0.002050665895105232,n/a,2,200,0.417,0,1,1,1,0,Self-canonical,1,4,27,2,0,1,0,75,254,7,ahorra hasta 70% en cartucho epson 106 ecotank. calidad certificada iso 9001. envío 24h.,
https://www.star-toner.com/products/tinta-compatible-epson-664-ecotank-rendimiento-premium,Cartucho Epson 664 EcoTank compatible | ISO 9001 | Startoner,73,0.002343698055591082,n/a,2,200,0.303,0,1,1,1,0,Self-canonical,1,5,27,2,0,1,0,76,254,8,ahorra hasta 70% en cartucho epson 664 ecotank. calidad certificada iso 9001. envío 24h.,
https://www.star-toner.com/products/toner-canon-crg-047-compatible-rendimiento-fiable,Tóner Canon CRG-047 compatible | 1.600 págs | ISO 9001 | Startone,16,0.0020189911951831543,n/a,2,200,0.362,0,1,1,1,0,Self-canonical,1,3,27,0,0,1,0,76,254,6,"ahorra hasta 70% en tóner canon crg-047. 1.600 págs certificadas iso 9001. envío 24h. para lbp112, lbp113w.",
https://www.star-toner.com/products/toner-color-compatible-brother-tn-241,Tóner Brother TN 241 / TN251 | 2.500 págs | ISO 9001 | Startoner,76,0.002353258210067082,n/a,2,200,0.479,0,1,1,1,0,Self-canonical,1,6,27,2,0,1,0,73,252,8,ahorra hasta 70% en tóner brother tn 241 / tn251 / tn281. 2.500 págs certificadas iso 9001. envío 24h.,
https://www.star-toner.com/products/toner-color-compatible-brother-tn-241-tn251,Tóner Brother TN241 TN251 | 2.500 págs | ISO 9001 | Startoner,32,0.002028715939497087,n/a,3,200,0.359,0,1,1,1,0,Self-canonical,1,4,27,2,0,1,0,75,254,7,ahorra hasta 70% en tóner brother tn241 tn251. 2.500 págs certificadas iso 9001. envío 24h.,
https://www.star-toner.com/products/toner-color-compatible-brother-tn-247,Tóner Brother TN 247 compatible | 3.000 págs | ISO 9001 | Starton,76,0.002353258210067082,n/a,2,200,0.311,0,1,1,1,0,Self-canonical,1,6,27,2,0,1,0,73,252,8,"ahorra hasta 70% en tóner brother tn 247. 3.000 págs certificadas iso 9001. envío 24h. para hl-l3210cw, hl-l3230cdw.",
https://www.star-toner.com/products/toner-color-compatible-brother-tn230-tn210-2200-paginas,Tóner Brother TN230 / TN210 | 2.200 págs | ISO 9001 | Startoner,10,0.0020074702568272556,n/a,3,200,0.389,0,1,1,1,0,Self-canonical,1,3,27,2,0,1,0,75,254,7,ahorra hasta 70% en tóner brother tn230 / tn210 / tn240. 2.200 págs certificadas iso 9001. envío 24h.,
https://www.star-toner.com/products/toner-color-compatible-brother-tn245-tn241-2500-paginas,Tóner Brother TN245 / TN241 | 2.500 págs | ISO 9001 | Startoner,32,0.002028715939497087,n/a,3,200,0.338,0,1,1,1,0,Self-canonical,1,4,27,0,0,1,0,75,254,5,ahorra hasta 70% en tóner brother tn245 / tn241 / tn246. 2.500 págs certificadas iso 9001. envío 24h.,
https://www.star-toner.com/products/toner-color-compatible-brother-tn247-3000-paginas,Tóner Brother TN247 / TN243 | 3.000 págs | ISO 9001 | Startoner,89,0.0026410362090850343,n/a,2,200,0.498,0,1,1,1,0,Self-canonical,1,7,27,2,0,1,0,76,254,8,ahorra hasta 70% en tóner brother tn247 / tn243. 3.000 págs certificadas iso 9001. envío 24h.,
https://www.star-toner.com/products/toner-color-compatible-brother-tn325-tn315-4000-paginas,Tóner Brother TN325 / TN315 | 4.000 págs | ISO 9001 | Startoner,10,0.0020074702568272556,n/a,3,200,0.488,0,1,1,1,0,Self-canonical,1,3,27,0,0,1,0,75,254,5,ahorra hasta 70% en tóner brother tn325 / tn315 / tn345. 4.000 págs certificadas iso 9001. envío 24h.,
https://www.star-toner.com/products/toner-color-compatible-brother-tn423-4500-paginas,Tóner Brother TN423 / TN433 | 4.500 págs | ISO 9001 | Startoner,32,0.002028715939497087,n/a,3,200,0.34,0,1,1,1,0,Self-canonical,1,4,27,2,0,1,0,75,254,7,ahorra hasta 70% en tóner brother tn423 / tn433 / tn493. 4.500 págs certificadas iso 9001. envío 24h.,
https://www.star-toner.com/products/toner-color-compatible-brother-tn881xl-15000-paginas,Tóner Brother TN881XL / TN821XL | 15.000 págs | ISO 9001 | Starto,32,0.002028715939497087,n/a,3,200,0.355,0,1,1,1,0,Self-canonical,1,4,27,2,0,1,0,75,254,7,ahorra hasta 70% en tóner brother tn881xl / tn821xl. 15.000 págs certificadas iso 9001. envío 24h.,
https://www.star-toner.com/products/toner-compatible-brother-color-tn248xl,Tóner Brother color TN248XL compatible | ISO 9001 | Startoner,68,0.0023273106574776808,n/a,2,200,0.353,0,1,1,1,0,Self-canonical,1,5,27,0,0,1,0,75,254,5,"ahorra hasta 70% en tóner brother color tn248xl. calidad certificada iso 9001. envío 24h. para hl-l3215cw, hl-l3220cw.",
https://www.star-toner.com/products/toner-compatible-brother-tn1050-rendimiento-de-1-000-paginas,Tóner Brother TN1050 compatible | 1.000 págs | ISO 9001 | Starton,27,0.00202494561831505,n/a,3,200,0.421,0,1,1,1,0,Self-canonical,1,4,27,0,0,1,0,75,254,5,ahorra hasta 70% en tóner brother tn1050. 1.000 págs certificadas iso 9001. envío 24h.,
https://www.star-toner.com/products/toner-compatible-brother-tn2320-tn660-rendimiento-de-2-600-paginas,Tóner Brother TN2320 / TN660 | 2.600 págs | ISO 9001 | Startoner,27,0.00202494561831505,n/a,3,200,0.564,0,1,1,1,0,Self-canonical,1,4,27,0,0,1,0,72,252,5,ahorra hasta 70% en tóner brother tn2320 / tn660. 2.600 págs certificadas iso 9001. envío 24h.,
https://www.star-toner.com/products/toner-compatible-brother-tn2420-rendimiento-de-3-000-paginas,Tóner Brother TN2420 compatible | 3.000 págs | ISO 9001 | Starton,27,0.00202494561831505,n/a,3,200,0.341,0,1,1,1,0,Self-canonical,1,4,27,0,0,1,0,71,252,5,ahorra hasta 70% en tóner brother tn2420. 3.000 págs certificadas iso 9001. envío 24h.,
https://www.star-toner.com/products/toner-compatible-brother-tn2420xl-rendimiento-de-6-000-paginas,Tóner Brother TN2420XL compatible | 6.000 págs | ISO 9001 | Start,6,0.0020029576770887866,n/a,3,200,0.389,0,1,1,1,0,Self-canonical,1,3,27,2,0,1,0,72,252,7,ahorra hasta 70% en tóner brother tn2420xl. 6.000 págs certificadas iso 9001. envío 24h.,
https://www.star-toner.com/products/toner-compatible-brother-tn2510-xl,Tóner Brother TN2510 XL compatible | 3.000 págs | ISO 9001 | Star,68,0.0023273106574776808,n/a,2,200,0.506,0,1,1,1,0,Self-canonical,1,5,27,2,0,1,0,72,252,7,"ahorra hasta 70% en tóner brother tn2510 xl. 3.000 págs certificadas iso 9001. envío 24h. para hl-l2400dwe, hl-l2400dw.",
https://www.star-toner.com/products/toner-compatible-brother-tn3230-3130-3500-paginas,Tóner Brother TN3230 / TN3130 | 3.500 págs | ISO 9001 | Startoner,34,0.0020294429755518847,n/a,3,200,0.421,0,1,1,1,0,Self-canonical,1,4,27,0,0,1,0,72,252,5,ahorra hasta 70% en tóner brother tn3230 / tn3130 / tn3170. 3.500 págs certificadas iso 9001. envío 24h.,
https://www.star-toner.com/products/toner-compatible-brother-tn3480-tn3484-rendimiento-de-8-000-paginas,Tóner Brother TN3480 / TN3484 | 8.000 págs | ISO 9001 | Startoner,6,0.0020029576770887866,n/a,3,200,0.3,0,1,1,1,0,Self-canonical,1,3,27,0,0,1,0,72,252,5,"ahorra hasta 70% en tóner brother tn3480 / tn3484. 8.000 págs certificadas iso 9001. envío 24h. para hl-l, dcp-l.",
https://www.star-toner.com/products/toner-compatible-brother-tn360-2120-2125-2150-2-600-paginas,Tóner Brother TN360 2120 2125 2150 | 2.600 págs | ISO 9001 | Star,12,0.0020092300938476452,n/a,3,200,0.368,0,1,1,1,0,Self-canonical,1,3,27,2,0,1,0,72,252,7,"ahorra hasta 70% en tóner brother tn360 2120 2125 2150. 2.600 págs certificadas iso 9001. envío 24h. para hl-2140, hl-2125.",
https://www.star-toner.com/products/toner-compatible-brother-tn450-tn2220-tn2225-tn2250-tn2275-2-600-paginas-de-alto-rendimiento,Tóner Brother TN450 TN2220 TN2225 | 2.600 págs | ISO 9001 | Start,27,0.00202494561831505,n/a,3,200,0.324,0,1,1,1,0,Self-canonical,1,4,27,2,0,1,0,75,254,7,"ahorra hasta 70% en tóner brother tn450 tn2220 tn2225 tn2250 tn2275. 2.600 págs certificadas iso 9001. envío 24h. para hl-2130, hl-2132.",
https://www.star-toner.com/products/toner-compatible-canon-057-con-chip,Tóner Canon 057 con Chip | 3.100 págs | ISO 9001 | Startoner,61,0.0023112639834009146,n/a,2,200,0.404,0,1,1,1,0,Self-canonical,1,4,27,2,0,1,0,73,252,8,"ahorra hasta 70% en tóner canon 057 con chip. 3.100 págs certificadas iso 9001. envío 24h. para i-sensys lbp220, i-sensys mf440.",
https://www.star-toner.com/products/toner-compatible-canon-067-con-chip-1350-paginas,Tóner Canon 067 con Chip | 1.350 págs | ISO 9001 | Startoner,24,0.0020234885524199886,n/a,2,200,0.338,0,1,1,1,0,Self-canonical,1,3,27,0,0,1,0,76,254,6,ahorra hasta 70% en tóner canon 067 con chip. 1.350 págs certificadas iso 9001. envío 24h. para i-sensys de.,
https://www.star-toner.com/products/toner-compatible-canon-737-hp-83a-1500-paginas,Tóner Canon 737 / HP 83A (CF283A) | 1.500 págs | ISO 9001 | Start,24,0.0020231680363602413,n/a,2,200,0.307,0,1,1,1,0,Self-canonical,1,3,27,2,0,1,0,73,252,8,ahorra hasta 70% en tóner canon 737 / hp 83a (cf283a). 1.500 págs certificadas iso 9001. envío 24h. para lbp151dw.,
https://www.star-toner.com/products/toner-compatible-canon-crg-051-1700-paginas,Tóner Canon CRG-051 compatible | 1.700 págs | ISO 9001 | Startone,17,0.0020189961727679335,n/a,2,200,0.32,0,1,1,1,0,Self-canonical,1,3,27,2,0,1,0,76,254,8,"ahorra hasta 70% en tóner canon crg-051. 1.700 págs certificadas iso 9001. envío 24h. para lbp160, lbp161dn.",
https://www.star-toner.com/products/toner-compatible-canon-exv14-calidad-premium,Tóner Canon EXV14 compatible | 8.300 págs | ISO 9001 | Startoner,64,0.0023191199765619057,n/a,2,200,0.339,0,1,1,1,0,Self-canonical,1,3,27,0,0,1,0,72,252,5,ahorra hasta 70% en tóner canon exv14. 8.300 págs certificadas iso 9001. envío 24h.,
https://www.star-toner.com/products/toner-compatible-canon-exv32-calidad-premium-25000-paginas,Tóner Canon EXV32 compatible | 25.000 págs | ISO 9001 | Startoner,64,0.0023191199765619057,n/a,2,200,0.362,0,1,1,1,0,Self-canonical,1,3,27,2,0,1,0,72,252,7,ahorra hasta 70% en tóner canon exv32. 25.000 págs certificadas iso 9001. envío 24h.,
https://www.star-toner.com/products/toner-compatible-canon-exv42-calidad-premium,Tóner Canon EXV42 compatible | 14.000 págs | ISO 9001 | Startoner,64,0.0023191199765619057,n/a,2,200,0.431,0,1,1,1,0,Self-canonical,1,3,27,2,0,1,0,72,252,7,ahorra hasta 70% en tóner canon exv42. 14.000 págs certificadas iso 9001. envío 24h.,
https://www.star-toner.com/products/toner-compatible-canon-exv50-calidad-premium,Tóner Canon EXV50 compatible | 17.400 págs | ISO 9001 | Startoner,73,0.0023450862308874174,n/a,2,200,0.357,0,1,1,1,0,Self-canonical,1,4,27,2,0,1,0,72,252,7,ahorra hasta 70% en tóner canon exv50. 17.400 págs certificadas iso 9001. envío 24h.,
https://www.star-toner.com/products/toner-compatible-hp-106a-w1106a-premium,Tóner HP 106A (W1106A) compatible | 1.000 págs | ISO 9001 | Start,80,0.00238869898206482,n/a,2,200,0.289,0,1,1,1,0,Self-canonical,1,5,27,2,0,1,0,75,254,7,ahorra hasta 70% en tóner hp 106a (w1106a). 1.000 págs certificadas iso 9001. envío 24h.,
https://www.star-toner.com/products/toner-compatible-hp-117a-w2070-con-chip-1000-paginas,Tóner HP 117A compatible | 1.000 págs | ISO 9001 | Startoner,62,0.0023158835104078713,n/a,2,200,0.375,0,1,1,1,0,Self-canonical,1,5,27,2,0,1,0,76,254,8,ahorra hasta 70% en tóner hp 117a (w2070a/w2071a/w2072a/w2073a) con chip. 1.000 págs certificadas iso 9001. envío 24h.,
https://www.star-toner.com/products/toner-compatible-hp-126a-ce310a-canon-709-con-chip,Tóner HP 126A compatible | ISO 9001 | Startoner,62,0.0023158835104078713,n/a,2,200,0.468,0,1,1,1,0,Self-canonical,1,5,27,0,0,1,0,75,254,6,ahorra hasta 70% en tóner hp 126a (ce310a / ce311a / ce312a / ce313a) y canon 709. calidad certificada iso 9001. envío 24h.,
https://www.star-toner.com/products/toner-compatible-hp-135a-w1350a-con-chip-premium,Tóner HP 135A (W1350A) con Chip | 1.100 págs | ISO 9001 | Starton,80,0.00238869898206482,n/a,2,200,0.412,0,1,1,1,0,Self-canonical,1,5,27,2,0,1,0,75,254,7,ahorra hasta 70% en tóner hp 135a (w1350a) con chip. 1.100 págs certificadas iso 9001. envío 24h. para laserjet m200.,
https://www.star-toner.com/products/toner-compatible-hp-135x-w1350x-con-chip-premium,Tóner HP 135X (W1350X) con Chip | 4.000 págs | ISO 9001 | Starton,78,0.002366873604036258,n/a,2,200,0.315,0,1,1,1,0,Self-canonical,1,4,27,2,0,1,0,75,254,7,ahorra hasta 70% en tóner hp 135x (w1350x) con chip. 4.000 págs certificadas iso 9001. envío 24h. para laserjet m200.,
https://www.star-toner.com/products/toner-compatible-hp-142a-w1420a-premium,Tóner HP 142A (W1420A) compatible | ISO 9001 | Startoner,69,0.002327923602975981,n/a,2,200,0.38,0,1,1,1,0,Self-canonical,1,5,27,2,0,1,0,72,252,7,"ahorra hasta 70% en tóner hp 142a (w1420a). calidad certificada iso 9001. envío 24h. para laserjet m110w, laserjet mfp m140w.",
https://www.star-toner.com/products/toner-compatible-hp-142xl-w1420xl-premium,Tóner HP 142XL W1420XL compatible | 2.000 págs | ISO 9001 | Start,69,0.002327923602975981,n/a,2,200,0.331,0,1,1,1,0,Self-canonical,1,5,27,2,0,1,0,72,252,7,"ahorra hasta 70% en tóner hp 142xl w1420xl. 2.000 págs certificadas iso 9001. envío 24h. para laserjet m110w, laserjet mfp m140w.",
https://www.star-toner.com/products/toner-compatible-hp-143a-neverstop-2500-paginas,Tóner HP 143A (W1143A) compatible | 2.500 págs | ISO 9001 | Start,4,0.002002720550817336,n/a,3,200,0.505,0,1,1,1,0,Self-canonical,1,3,27,2,0,1,0,75,254,7,ahorra hasta 70% en tóner hp 143a (w1143a). 2.500 págs certificadas iso 9001. envío 24h.,
https://www.star-toner.com/products/toner-compatible-hp-149a-w1490-premium,Tóner HP 149A (W1490) compatible | 2.900 págs | ISO 9001 | Starto,69,0.002327923602975981,n/a,2,200,0.433,0,1,1,1,0,Self-canonical,1,5,27,2,0,1,0,72,252,7,ahorra hasta 70% en tóner hp 149a (w1490). 2.900 págs certificadas iso 9001. envío 24h.,
https://www.star-toner.com/products/toner-compatible-hp-153a-w1530a-premium,Tóner HP 153A (W1530A) compatible | 2.500 págs | ISO 9001 | Start,6,0.002002878363599508,n/a,3,200,0.275,0,1,1,1,0,Self-canonical,1,3,27,2,0,1,0,72,252,7,ahorra hasta 70% en tóner hp 153a (w1530a). 2.500 págs certificadas iso 9001. envío 24h.,
https://www.star-toner.com/products/toner-compatible-hp-153x-w1530x-premium,Tóner HP 153X (W1530X) compatible | 5.000 págs | ISO 9001 | Start,26,0.00202470374162807,n/a,3,200,0.316,0,1,1,1,0,Self-canonical,1,4,27,2,0,1,0,72,252,7,ahorra hasta 70% en tóner hp 153x (w1530x). 5.000 págs certificadas iso 9001. envío 24h.,
https://www.star-toner.com/products/toner-compatible-hp-203a-cf540a-canon-045-con-chip-1400-paginas,Tóner HP 203A (CF540A) y Canon | 1.400 págs | ISO 9001 | Startone,9,0.0020072254456059593,n/a,3,200,0.495,0,1,1,1,0,Self-canonical,1,3,27,2,0,1,0,75,254,7,"ahorra hasta 70% en tóner hp 203a (cf540a) y canon 045 con chip. 1.400 págs certificadas iso 9001. envío 24h. para lbp611cn, lbp612c.",
https://www.star-toner.com/products/toner-compatible-hp-205a-cf530a-con-chip-1100-paginas,Tóner HP 205A compatible | 1.100 págs | ISO 9001 | Startoner,9,0.0020072254456059593,n/a,3,200,0.28,0,1,1,1,0,Self-canonical,1,3,27,2,0,1,0,75,254,7,ahorra hasta 70% en tóner hp 205a (cf530a/cf531a/cf532a/cf533a) con chip. 1.100 págs certificadas iso 9001. envío 24h.,
https://www.star-toner.com/products/toner-compatible-hp-207a-w2210a-con-chip-1350-paginas,Tóner HP 207A con Chip compatible | 1.350 págs | ISO 9001 | Start,9,0.0020072254456059593,n/a,3,200,0.337,0,1,1,1,0,Self-canonical,1,3,27,0,0,1,0,74,254,5,ahorra hasta 70% en tóner hp 207a con chip. 1.350 págs certificadas iso 9001. envío 24h.,
https://www.star-toner.com/products/toner-compatible-hp-212a-w2120a-con-chip-5500-paginas,Tóner HP 212A con Chip compatible | ISO 9001 | Startoner,9,0.0020072254456059593,n/a,3,200,0.312,0,1,1,1,0,Self-canonical,1,3,27,2,0,1,0,75,254,7,ahorra hasta 70% en tóner hp 212a con chip. calidad certificada iso 9001. envío 24h.,
https://www.star-toner.com/products/toner-compatible-hp-216a-w2410a-con-chip-1000-paginas,Tóner HP 216A con Chip compatible | 1.000 págs | ISO 9001 | Start,10,0.0020072281529710254,n/a,3,200,0.352,0,1,1,1,0,Self-canonical,1,3,27,2,0,1,0,75,254,7,ahorra hasta 70% en tóner hp 216a con chip. 1.000 págs certificadas iso 9001. envío 24h.,
https://www.star-toner.com/products/toner-compatible-hp-304a-305a-ce410x-canon-718-4000-paginas,Tóner HP 304A / 305A / 400 | 4.000 págs | ISO 9001 | Startoner,9,0.0020072254456059593,n/a,3,200,0.303,0,1,1,1,0,Self-canonical,1,3,27,0,0,1,0,75,254,5,ahorra hasta 70% en tóner hp 304a / 305a / 400 (cc530a / ce410x) y canon 718. 4.000 págs certificadas iso 9001. envío 24h. para i-sensys mfp.,
https://www.star-toner.com/products/toner-compatible-hp-307a-ce740a-7000-paginas-a3,Tóner HP 307A compatible | 7.000 págs | ISO 9001 | Startoner,57,0.002294645365289829,n/a,2,200,0.432,0,1,1,1,0,Self-canonical,1,4,27,0,0,1,0,76,254,6,ahorra hasta 70% en tóner hp 307a (ce740a / ce741a / ce742a / ce743a) con chip. 7.000 págs certificadas iso 9001. envío 24h.,
https://www.star-toner.com/products/toner-compatible-hp-415a-w2030a-con-chip-2400-paginas,Tóner HP 415A compatible | 2.400 págs | ISO 9001 | Startoner,9,0.0020072254456059593,n/a,3,200,0.277,0,1,1,1,0,Self-canonical,1,3,27,0,0,1,0,75,254,5,ahorra hasta 70% en tóner hp 415a (w2030a/w2031a/w2032a/w2033a) con chip. 2.400 págs certificadas iso 9001. envío 24h.,
https://www.star-toner.com/products/toner-compatible-hp-508a-cf360a-chip-alto-rendimiento,Tóner HP 508A CF360A con Chip | 6.000 págs | ISO 9001 | Startoner,63,0.002315893755324726,n/a,2,200,0.419,0,1,1,1,0,Self-canonical,1,5,27,0,0,1,0,76,254,6,ahorra hasta 70% en tóner hp 508a cf360a con chip. 6.000 págs certificadas iso 9001. envío 24h.,
https://www.star-toner.com/products/toner-compatible-hp-655-cf450a-chip-rendimiento-optimo,Tóner HP 655 CF450A con Chip | 12.500 págs | ISO 9001 | Startoner,62,0.0023158785328230916,n/a,2,200,0.346,0,1,1,1,0,Self-canonical,1,5,27,2,0,1,0,76,254,8,ahorra hasta 70% en tóner hp 655 cf450a con chip. 12.500 págs certificadas iso 9001. envío 24h.,
https://www.star-toner.com/products/toner-compatible-hp-cb-435a-cb-436a-ce285a,Tóner HP CB 435A CB 436A CE285A | 2.000 págs | ISO 9001 | Starton,48,0.0020695842847691984,n/a,2,200,0.33,0,1,1,1,0,Self-canonical,1,5,27,0,0,1,0,76,254,6,"ahorra hasta 70% en tóner hp cb 435a cb 436a ce285a canon 725. 2.000 págs certificadas iso 9001. envío 24h. para i-sensys lbp6000, lbp3250.",
https://www.star-toner.com/products/toner-compatible-hp-cb540a-ce320a-cf210x-canon-crg-731,Tóner HP CB540A CE320A CF210X | 2.200 págs | ISO 9001 | Startoner,76,0.002354486886374612,n/a,2,200,0.473,0,1,1,1,0,Self-canonical,1,6,27,0,0,1,0,76,254,6,"ahorra hasta 70% en tóner hp cb540a ce320a cf210x canon crg-731. 2.200 págs certificadas iso 9001. envío 24h. para i-sensys mf, lbp5050.",
https://www.star-toner.com/products/toner-compatible-hp-ce255a-55a-6000-paginas,Tóner HP CE255A (55A) compatible | 6.000 págs | ISO 9001 | Starto,5,0.0020027280883691246,n/a,3,200,0.4,0,1,1,1,0,Self-canonical,1,3,27,0,0,1,0,72,252,5,ahorra hasta 70% en tóner hp ce255a (55a). 6.000 págs certificadas iso 9001. envío 24h.,
https://www.star-toner.com/products/toner-compatible-hp-ce278a-78a-premium,Tóner HP CE278A compatible | 2.100 págs | ISO 9001 | Startoner,35,0.002030825883156545,n/a,3,200,0.319,0,1,1,1,0,Self-canonical,1,4,27,2,0,1,0,72,252,7,ahorra hasta 70% en tóner hp ce278a. 2.100 págs certificadas iso 9001. envío 24h.,
https://www.star-toner.com/products/toner-compatible-hp-ce285a-85a-2000-paginas,Tóner HP CE285A (85A) compatible | 2.000 págs | ISO 9001 | Starto,27,0.002024716029595388,n/a,3,200,0.336,0,1,1,1,0,Self-canonical,1,4,27,0,0,1,0,75,254,5,ahorra hasta 70% en tóner hp ce285a (85a). 2.000 págs certificadas iso 9001. envío 24h.,
https://www.star-toner.com/products/toner-compatible-hp-cf217a-17a-premium,Tóner HP CF217A (17A) compatible | ISO 9001 | Startoner,35,0.002030825883156545,n/a,3,200,0.246,0,1,1,1,0,Self-canonical,1,4,27,2,0,1,0,75,254,7,ahorra hasta 70% en tóner hp cf217a (17a). calidad certificada iso 9001. envío 24h.,
https://www.star-toner.com/products/toner-compatible-hp-cf226a-26a-premium,Tóner HP CF226A (26A) compatible | 3.100 págs | ISO 9001 | Starto,36,0.0020358161650921814,n/a,2,200,0.371,0,1,1,1,0,Self-canonical,1,4,27,2,0,1,0,76,254,7,ahorra hasta 70% en tóner hp cf226a (26a). 3.100 págs certificadas iso 9001. envío 24h.,
https://www.star-toner.com/products/toner-compatible-hp-cf226x-26x-premium,Tóner HP CF226X compatible | 9.000 págs | ISO 9001 | Startoner,39,0.0020419307690688676,n/a,2,200,0.516,0,1,1,1,0,Self-canonical,1,4,27,2,0,1,0,75,254,7,ahorra hasta 70% en tóner hp cf226x. 9.000 págs certificadas iso 9001. envío 24h.,
https://www.star-toner.com/products/toner-compatible-hp-cf230a-30a-premium,Tóner HP CF230A (30A) compatible | 1.600 págs | ISO 9001 | Starto,40,0.002042449129046507,n/a,2,200,0.338,0,1,1,1,0,Self-canonical,1,4,27,2,0,1,0,75,254,7,ahorra hasta 70% en tóner hp cf230a (30a). 1.600 págs certificadas iso 9001. envío 24h.,
https://www.star-toner.com/products/toner-compatible-hp-cf244a-44a-premium,Tóner HP CF244A (44A) compatible | 1.000 págs | ISO 9001 | Starto,47,0.002064274507075069,n/a,2,200,0.302,0,1,1,1,0,Self-canonical,1,5,27,2,0,1,0,75,254,7,"ahorra hasta 70% en tóner hp cf244a (44a). 1.000 págs certificadas iso 9001. envío 24h. para laserjet pro m15a, laserjet pro m15w.",
https://www.star-toner.com/products/toner-compatible-hp-cf255a-55a-premium,Tóner HP CF255A (55A) compatible | 6.000 págs | ISO 9001 | Starto,46,0.0020581599030983825,n/a,2,200,0.292,0,1,1,1,0,Self-canonical,1,5,27,2,0,1,0,72,252,7,ahorra hasta 70% en tóner hp cf255a (55a). 6.000 págs certificadas iso 9001. envío 24h.,
https://www.star-toner.com/products/toner-compatible-hp-cf256a-56a-premium,Tóner HP CF256A (56A) compatible | 7.400 págs | ISO 9001 | Starto,30,0.0020253922023551994,n/a,3,200,0.424,0,1,1,1,0,Self-canonical,1,4,27,2,0,1,0,72,252,7,ahorra hasta 70% en tóner hp cf256a (56a). 7.400 págs certificadas iso 9001. envío 24h.,
https://www.star-toner.com/products/toner-compatible-hp-cf256x-56x-premium,Tóner HP CF256X (56X) compatible | 13.400 págs | ISO 9001 | Start,8,0.002003404261128936,n/a,3,200,0.342,0,1,1,1,0,Self-canonical,1,3,27,2,0,1,0,72,252,7,ahorra hasta 70% en tóner hp cf256x (56x). 13.400 págs certificadas iso 9001. envío 24h.,
https://www.star-toner.com/products/toner-compatible-hp-cf259a-59a-con-chip-premium,Tóner HP CF259A (59A) con Chip | 3.000 págs | ISO 9001 | Startone,84,0.0024221551435351326,n/a,2,200,0.438,0,1,1,1,0,Self-canonical,1,6,27,2,0,1,0,72,252,7,ahorra hasta 70% en tóner hp cf259a (59a) con chip. 3.000 págs certificadas iso 9001. envío 24h.,
https://www.star-toner.com/products/toner-compatible-hp-cf279a-79a-premium,Tóner HP CF279A (79A) compatible | ISO 9001 | Startoner,47,0.002064274507075069,n/a,2,200,0.464,0,1,1,1,0,Self-canonical,1,5,27,2,0,1,0,75,254,7,"ahorra hasta 70% en tóner hp cf279a (79a). calidad certificada iso 9001. envío 24h. para laserjet m12, laserjet m12a.",
https://www.star-toner.com/products/toner-compatible-hp-cf280a-ce505a,Tóner HP CF280A CE505A compatible | 2.300 págs | ISO 9001 | Start,47,0.002064274507075069,n/a,2,200,0.319,0,1,1,1,0,Self-canonical,1,5,27,2,0,1,0,75,254,7,ahorra hasta 70% en tóner hp cf280a ce505a. 2.300 págs certificadas iso 9001. envío 24h.,
https://www.star-toner.com/products/toner-compatible-hp-cf280x-ce505x,Tóner HP CF280X CE505X compatible | 6.500 págs | ISO 9001 | Start,40,0.002042449129046507,n/a,2,200,0.282,0,1,1,1,0,Self-canonical,1,4,27,2,0,1,0,75,254,7,ahorra hasta 70% en tóner hp cf280x ce505x. 6.500 págs certificadas iso 9001. envío 24h.,
https://www.star-toner.com/products/toner-compatible-hp-cf283a-83a-1500-paginas,Tóner HP CF283A (83A) compatible | 1.500 págs | ISO 9001 | Starto,29,0.0020252343895730274,n/a,3,200,0.431,0,1,1,1,0,Self-canonical,1,4,27,0,0,1,0,76,254,5,ahorra hasta 70% en tóner hp cf283a (83a). 1.500 págs certificadas iso 9001. envío 24h.,
https://www.star-toner.com/products/toner-compatible-hp-cf287a-87a-con-chip-premium,Tóner HP CF287A con Chip | 9.000 págs | ISO 9001 | Startoner,46,0.0020581599030983825,n/a,2,200,0.248,0,1,1,1,0,Self-canonical,1,5,27,2,0,1,0,72,252,7,ahorra hasta 70% en tóner hp cf287a con chip. 9.000 págs certificadas iso 9001. envío 24h.,
https://www.star-toner.com/products/toner-compatible-hp-cf289a-89a-con-chip-premium,Tóner HP CF289A (89A) con Chip | 5.000 págs | ISO 9001 | Startone,82,0.002400329765506571,n/a,2,200,0.31,0,1,1,1,0,Self-canonical,1,5,27,0,0,1,0,71,252,5,ahorra hasta 70% en tóner hp cf289a (89a) con chip. 5.000 págs certificadas iso 9001. envío 24h.,
https://www.star-toner.com/products/toner-compatible-hp-cf294a-94a-1200-paginas,Tóner HP CF294A (94A) compatible | 1.200 págs | ISO 9001 | Starto,29,0.0020252343895730274,n/a,3,200,0.246,0,1,1,1,0,Self-canonical,1,4,27,0,0,1,0,75,254,5,ahorra hasta 70% en tóner hp cf294a (94a). 1.200 págs certificadas iso 9001. envío 24h.,
https://www.star-toner.com/products/toner-compatible-hp-cf410a-canon-046-con-chip-2300-paginas,Tóner HP 410A (CF410A) y Canon | 2.300 págs | ISO 9001 | Startone,9,0.0020072254456059593,n/a,3,200,0.275,0,1,1,1,0,Self-canonical,1,3,27,2,0,1,0,75,254,7,"ahorra hasta 70% en tóner hp 410a (cf410a) y canon 046 con chip. 2.300 págs certificadas iso 9001. envío 24h. para lbp653cdw, lbp654cx.",
https://www.star-toner.com/products/toner-compatible-hp-q2612a-hp-12a,Tóner HP Q2612A HP 12A compatible | 2.000 págs | ISO 9001 | Start,47,0.002064274507075069,n/a,2,200,0.398,0,1,1,1,0,Self-canonical,1,5,27,2,0,1,0,75,254,7,ahorra hasta 70% en tóner hp q2612a hp 12a. 2.000 págs certificadas iso 9001. envío 24h.,
https://www.star-toner.com/products/toner-compatible-konica-minolta-color-tn216-calidad-premium,Tóner Konica Minolta Color TN216 | 26.000 págs | ISO 9001 | Start,66,0.0023196458740913336,n/a,2,200,0.378,0,1,1,1,0,Self-canonical,1,3,27,2,0,1,0,75,254,7,ahorra hasta 70% en tóner konica minolta color tn216. 26.000 págs certificadas iso 9001. envío 24h.,
https://www.star-toner.com/products/toner-compatible-konica-minolta-color-tn227-calidad-premium,Tóner Konica Minolta Color TN227 | 25.000 págs | ISO 9001 | Start,66,0.0023196458740913336,n/a,2,200,0.314,0,1,1,1,0,Self-canonical,1,3,27,2,0,1,0,75,254,7,ahorra hasta 70% en tóner konica minolta color tn227. 25.000 págs certificadas iso 9001. envío 24h.,
https://www.star-toner.com/products/toner-compatible-konica-minolta-color-tn324-tn512-calidad-premium,Tóner Konica Minolta Color TN324 | 25.000 págs | ISO 9001 | Start,74,0.002345840275814158,n/a,2,200,0.388,0,1,1,1,0,Self-canonical,1,4,27,2,0,1,0,75,254,7,ahorra hasta 70% en tóner konica minolta color tn324 tn512. 25.000 págs certificadas iso 9001. envío 24h.,
https://www.star-toner.com/products/toner-compatible-konica-minolta-tn116-tn117-tn118-calidad-premium,Tóner Konica Minolta TN116 TN117 | 9.000 págs | ISO 9001 | Starto,66,0.002319874021488646,n/a,2,200,0.469,0,1,1,1,0,Self-canonical,1,3,27,0,0,1,0,71,252,5,ahorra hasta 70% en tóner konica minolta tn116 tn117 tn118. 9.000 págs certificadas iso 9001. envío 24h.,
https://www.star-toner.com/products/toner-compatible-konica-minolta-tn217-calidad-premium,Tóner Konica Minolta TN217 | 17.500 págs | ISO 9001 | Startoner,66,0.002319874021488646,n/a,2,200,0.394,0,1,1,1,0,Self-canonical,1,3,27,0,0,1,0,72,252,5,ahorra hasta 70% en tóner konica minolta tn217. 17.500 págs certificadas iso 9001. envío 24h.,
https://www.star-toner.com/products/toner-compatible-konica-minolta-tn220-tn221-tn321-tn322-25000-paginas,Tóner Konica Minolta TN220 TN221 | 25.000 págs | ISO 9001 | Start,72,0.002341119704158477,n/a,2,200,0.366,0,1,1,1,0,Self-canonical,1,4,27,2,0,1,0,75,254,7,ahorra hasta 70% en tóner konica minolta tn220 tn221 tn321 tn322. 25.000 págs certificadas iso 9001. envío 24h.,
https://www.star-toner.com/products/toner-compatible-konica-minolta-tn311-tn211-calidad-premium,Tóner Konica Minolta TN311 TN211 | 17.500 págs | ISO 9001 | Start,72,0.002341119704158477,n/a,2,200,0.407,0,1,1,1,0,Self-canonical,1,4,27,2,0,1,0,72,252,7,ahorra hasta 70% en tóner konica minolta tn311 tn211. 17.500 págs certificadas iso 9001. envío 24h.,
https://www.star-toner.com/products/toner-compatible-konica-minolta-tn414-calidad-premium-25000-paginas,Tóner Konica Minolta TN414 | 25.000 págs | ISO 9001 | Startoner,66,0.002319874021488646,n/a,2,200,0.403,0,1,1,1,0,Self-canonical,1,3,27,2,0,1,0,72,252,7,ahorra hasta 70% en tóner konica minolta tn414. 25.000 págs certificadas iso 9001. envío 24h.,
https://www.star-toner.com/products/toner-compatible-kyocera-tk1120-rendimiento-3000-paginas,Tóner Kyocera TK1120 compatible | 3.000 págs | ISO 9001 | Starton,20,0.002021073498728554,n/a,3,200,0.296,0,1,1,1,0,Self-canonical,1,3,27,2,0,1,0,72,252,7,ahorra hasta 70% en tóner kyocera tk1120. 3.000 págs certificadas iso 9001. envío 24h.,
https://www.star-toner.com/products/toner-compatible-kyocera-tk1150-rendimiento-3000-paginas,Tóner Kyocera TK1150 compatible | 3.000 págs | ISO 9001 | Starton,20,0.002021073498728554,n/a,3,200,0.291,0,1,1,1,0,Self-canonical,1,3,27,2,0,1,0,72,252,7,ahorra hasta 70% en tóner kyocera tk1150. 3.000 págs certificadas iso 9001. envío 24h.,
https://www.star-toner.com/products/toner-compatible-kyocera-tk1160-rendimiento-7200-paginas,Tóner Kyocera TK1160 compatible | 7.200 págs | ISO 9001 | Starton,4,0.0019998278160587232,n/a,3,200,0.381,0,1,1,1,0,Self-canonical,1,2,27,2,0,1,0,72,252,7,ahorra hasta 70% en tóner kyocera tk1160. 7.200 págs certificadas iso 9001. envío 24h.,
https://www.star-toner.com/products/toner-compatible-kyocera-tk1170-rendimiento-7200-paginas,Tóner Kyocera TK1170 compatible | 7.200 págs | ISO 9001 | Starton,72,0.002341119704158477,n/a,2,200,0.432,0,1,1,1,0,Self-canonical,1,4,27,2,0,1,0,72,252,7,ahorra hasta 70% en tóner kyocera tk1170. 7.200 págs certificadas iso 9001. envío 24h.,
https://www.star-toner.com/products/toner-compatible-lexmark-e260a-dell-2330-3500-paginas,Tóner Lexmark E260A compatible | 3.500 págs | ISO 9001 | Startone,25,0.0020244636529720664,n/a,2,200,0.25,0,1,1,1,0,Self-canonical,1,3,27,2,0,1,0,72,252,7,ahorra hasta 70% en tóner lexmark e260a. 3.500 págs certificadas iso 9001. envío 24h.,
https://www.star-toner.com/products/toner-compatible-lexmark-ms310-ms410-ms510-ms610-5000-paginas,Tóner Lexmark MS310 / MS410 | 5.000 págs | ISO 9001 | Startoner,25,0.0020244636529720664,n/a,2,200,0.371,0,1,1,1,0,Self-canonical,1,3,27,2,0,1,0,72,252,7,"ahorra hasta 70% en tóner lexmark ms310 / ms410 / ms510 / ms610. 5.000 págs certificadas iso 9001. envío 24h. para ms310, ms310d.",
https://www.star-toner.com/products/toner-compatible-lexmark-ms317-mx317-ms417-2500-paginas,Tóner Lexmark MS317 / MS417 | 2.500 págs | ISO 9001 | Startoner,25,0.0020244636529720664,n/a,2,200,0.288,0,1,1,1,0,Self-canonical,1,3,27,2,0,1,0,72,252,7,"ahorra hasta 70% en tóner lexmark ms317 / ms417 / mx317 / mx417. 2.500 págs certificadas iso 9001. envío 24h. para ms317, ms317dn.",
https://www.star-toner.com/products/toner-compatible-q5949a-q7553a,Tóner Q5949A Q7553A canon 708 compatible | ISO 9001 | Startoner,52,0.0021030984928873332,n/a,2,200,0.359,0,1,1,1,0,Self-canonical,1,6,27,0,0,1,0,73,252,6,ahorra hasta 70% en tóner q5949a q7553a canon 708. calidad certificada iso 9001. envío 24h. para lbp3300.,
https://www.star-toner.com/products/toner-compatible-samsung-104-mlt-d1042s-1500-paginas,Tóner Samsung 104 (MLT-D1042S) | 1.500 págs | ISO 9001 | Startone,23,0.002023081149055229,n/a,3,200,0.449,0,1,1,1,0,Self-canonical,1,3,27,2,0,1,0,72,252,7,ahorra hasta 70% en tóner samsung 104 (mlt-d1042s). 1.500 págs certificadas iso 9001. envío 24h.,
https://www.star-toner.com/products/toner-compatible-samsung-105-mlt-d1052l-2500-paginas,Tóner Samsung 105 (MLT-D1052L) | 2.500 págs | ISO 9001 | Startone,39,0.0020424017444623833,n/a,2,200,0.311,0,1,1,1,0,Self-canonical,1,4,27,0,0,1,0,72,252,5,ahorra hasta 70% en tóner samsung 105 (mlt-d1052l). 2.500 págs certificadas iso 9001. envío 24h.,
https://www.star-toner.com/products/toner-compatible-samsung-108-mlt-d1082s-1500-paginas,Tóner Samsung 108 (MLT-D1082S) | 1.500 págs | ISO 9001 | Startone,31,0.0020283946332800744,n/a,2,200,0.421,0,1,1,1,0,Self-canonical,1,3,27,0,0,1,0,72,252,5,ahorra hasta 70% en tóner samsung 108 (mlt-d1082s). 1.500 págs certificadas iso 9001. envío 24h.,
https://www.star-toner.com/products/toner-compatible-samsung-116-mlt-d116s-1200-paginas,Tóner Samsung 116 (MLT-D116S) | 1.200 págs | ISO 9001 | Startoner,43,0.002050220011308636,n/a,2,200,0.352,0,1,1,1,0,Self-canonical,1,4,27,2,0,1,0,72,252,7,ahorra hasta 70% en tóner samsung 116 (mlt-d116s). 1.200 págs certificadas iso 9001. envío 24h. para xpress sl.,
https://www.star-toner.com/products/toner-compatible-samsung-clt-404s-con-chip-rendimiento-precision,Tóner Samsung CLT-404S con Chip | 1.500 págs | ISO 9001 | Starton,71,0.0023288034623357495,n/a,2,200,0.488,0,1,1,1,0,Self-canonical,1,5,27,0,0,1,0,76,254,6,ahorra hasta 70% en tóner samsung clt-404s con chip. 1.500 págs certificadas iso 9001. envío 24h.,
https://www.star-toner.com/products/toner-compatible-samsung-mlt-d101s-101s-premium,Tóner Samsung MLT-D101S (101S) | 1.500 págs | ISO 9001 | Startone,42,0.0020462009829137207,n/a,2,200,0.331,0,1,1,1,0,Self-canonical,1,4,27,2,0,1,0,72,252,7,ahorra hasta 70% en tóner samsung mlt-d101s (101s). 1.500 págs certificadas iso 9001. envío 24h.,
https://www.star-toner.com/products/toner-compatible-samsung-mlt-d111s-111s-premium,Tóner Samsung MLT-D111S/L (111) | 1.000 págs | ISO 9001 | Starton,83,0.0024096165279917404,n/a,2,200,0.338,0,1,1,1,0,Self-canonical,1,5,27,2,0,1,0,72,252,7,ahorra hasta 70% en tóner samsung mlt-d111s/l (111). 1.000 págs certificadas iso 9001. envío 24h.,
https://www.star-toner.com/products/toner-compatible-samsung-mlt-d203l-proxpress-5000-paginas,Tóner Samsung MLT-D203L compatible | 5.000 págs | ISO 9001 | Star,44,0.0020503825745063374,n/a,2,200,0.279,0,1,1,1,0,Self-canonical,1,4,27,2,0,1,0,72,252,7,ahorra hasta 70% en tóner samsung mlt-d203l. 5.000 págs certificadas iso 9001. envío 24h. para xpress sl.,
https://www.star-toner.com/products/toner-compatible-samsung-mlt-d204l-proxpress-5000-paginas,Tóner Samsung MLT-D204L compatible | 5.000 págs | ISO 9001 | Star,31,0.0020283946332800744,n/a,2,200,0.365,0,1,1,1,0,Self-canonical,1,3,27,2,0,1,0,72,252,7,ahorra hasta 70% en tóner samsung mlt-d204l. 5.000 págs certificadas iso 9001. envío 24h. para xpress sl.,
https://www.star-toner.com/products/toner-compatible-samsung-mlt-d205l-5000-paginas,Tóner Samsung MLT-D205L compatible | 5.000 págs | ISO 9001 | Star,31,0.0020283946332800744,n/a,2,200,0.345,0,1,1,1,0,Self-canonical,1,3,27,0,0,1,0,72,252,5,ahorra hasta 70% en tóner samsung mlt-d205l. 5.000 págs certificadas iso 9001. envío 24h.,
https://www.star-toner.com/products/toners-color-compatible-brother-tn245-tn255-tn265-tn285,Tóner Brother TN245 TN255 TN265 TN285 | ISO 9001 | Startoner,77,0.00236182027692322,n/a,2,200,0.343,0,1,1,1,0,Self-canonical,1,6,27,0,0,1,0,73,252,6,ahorra hasta 70% en tóner brother tn245 tn255 tn265 tn285. calidad certificada iso 9001. envío 24h.,
https://www.star-toner.com/robots.txt,,-,-,n/a,0,200,0.154,0,0,0,0,0,-,0,0,-,-,0,-,-,-,-,0,-,n/a
https://www.star-toner.com/search,Buscar | Startoner,94,0.02040870214443814,n/a,1,200,0.352,0,1,1,1,0,Self-canonical,0,250,25,0,0,1,0,40,236,5,"buscador inteligente de star toner. encuentra rápidamente el cartucho, tóner o consumible compatible para hp, brother, epson o canon.",
https://www.star-toner.com/sitemap.xml,,-,-,n/a,0,200,0.169,0,0,0,0,0,-,0,0,-,-,0,-,-,-,-,0,-,
https://www.star-toner.com/sitemap_blogs_1.xml,,-,-,n/a,0,200,0.201,0,0,0,0,0,-,0,0,-,-,0,-,-,-,-,1,-,
https://www.star-toner.com/sitemap_collections_1.xml?from=645327094099&to=679559790931,,-,-,n/a,0,200,0.104,0,0,0,0,0,-,0,0,-,-,0,-,-,-,-,1,-,
https://www.star-toner.com/sitemap_pages_1.xml?from=155808530771&to=175658107219,,-,-,n/a,0,200,0.104,0,0,0,0,0,-,0,0,-,-,0,-,-,-,-,2,-,
https://www.star-toner.com/sitemap_products_1.xml?from=9877431419219&to=10379548295507,,-,-,n/a,0,200,0.369,0,0,0,0,0,-,0,0,-,-,0,-,-,-,-,0,-,
